timestamp,start_amount,end_amount,profit,profit_percentage,path,is_profitable,btc_cad_price,eth_cad_price,eth_btc_price
2025-08-20T10:45:21.950731,100.0,0.14052945806426898,-99.85947054193574,-99.85947054193574,CAD->BTC->ETH->CAD,False,158153.4,5971.93,0.03778
2025-08-20T10:45:21.950738,100.0,98.55871219186207,-1.441287808137929,-1.441287808137929,CAD->ETH->BTC->CAD,False,158153.4,5971.93,0.03778
2025-08-20T10:45:31.351071,100.0,0.14056310834567412,-99.85943689165433,-99.85943689165433,CAD->BTC->ETH->CAD,False,158153.4,5973.36,0.03778
2025-08-20T10:45:31.351076,100.0,98.53511760549287,-1.4648823945071285,-1.4648823945071285,CAD->ETH->BTC->CAD,False,158153.4,5973.36,0.03778
2025-08-20T10:45:41.361569,100.0,0.14056310834567412,-99.85943689165433,-99.85943689165433,CAD->BTC->ETH->CAD,False,158153.4,5973.36,0.03778
2025-08-20T10:45:41.361579,100.0,98.53511760549287,-1.4648823945071285,-1.4648823945071285,CAD->ETH->BTC->CAD,False,158153.4,5973.36,0.03778
2025-08-20T10:45:51.636607,100.0,0.14056310834567412,-99.85943689165433,-99.85943689165433,CAD->BTC->ETH->CAD,False,158153.4,5973.36,0.03778
2025-08-20T10:45:51.636639,100.0,98.53511760549287,-1.4648823945071285,-1.4648823945071285,CAD->ETH->BTC->CAD,False,158153.4,5973.36,0.03778
2025-08-20T10:46:01.351121,100.0,0.14056950783159342,-99.8594304921684,-99.8594304921684,CAD->BTC->ETH->CAD,False,158146.2,5973.36,0.03778
2025-08-20T10:46:01.351128,100.0,98.53063175285388,-1.4693682471461216,-1.4693682471461216,CAD->ETH->BTC->CAD,False,158146.2,5973.36,0.03778
2025-08-20T10:46:11.420699,100.0,0.14062606194126828,-99.85937393805874,-99.85937393805874,CAD->BTC->ETH->CAD,False,158082.6,5973.36,0.03778
2025-08-20T10:46:11.420704,100.0,98.49100672120922,-1.5089932787907827,-1.5089932787907827,CAD->ETH->BTC->CAD,False,158082.6,5973.36,0.03778
2025-08-20T10:46:21.366220,100.0,0.14062606194126828,-99.85937393805874,-99.85937393805874,CAD->BTC->ETH->CAD,False,158082.6,5973.36,0.03778
2025-08-20T10:46:21.366225,100.0,98.49100672120922,-1.5089932787907827,-1.5089932787907827,CAD->ETH->BTC->CAD,False,158082.6,5973.36,0.03778
2025-08-20T10:46:31.353892,100.0,0.14100173919791464,-99.85899826080208,-99.85899826080208,CAD->BTC->ETH->CAD,False,158131.4,5984.83,0.03782
2025-08-20T10:46:31.353900,100.0,98.43670408231989,-1.563295917680108,-1.563295917680108,CAD->ETH->BTC->CAD,False,158131.4,5984.83,0.03782
2025-08-20T10:46:41.360409,100.0,0.14108561228897062,-99.85891438771102,-99.85891438771102,CAD->BTC->ETH->CAD,False,158131.4,5988.39,0.03782
2025-08-20T10:46:41.360417,100.0,98.37818507027609,-1.6218149297239108,-1.6218149297239108,CAD->ETH->BTC->CAD,False,158131.4,5988.39,0.03782
2025-08-20T10:46:51.625901,100.0,0.14108561228897062,-99.85891438771102,-99.85891438771102,CAD->BTC->ETH->CAD,False,158131.4,5988.39,0.03782
2025-08-20T10:46:51.625992,100.0,98.37818507027609,-1.6218149297239108,-1.6218149297239108,CAD->ETH->BTC->CAD,False,158131.4,5988.39,0.03782
2025-08-20T10:48:08.121302,100.0,0.14119328083563518,-99.85880671916436,-99.85880671916436,CAD->BTC->ETH->CAD,False,158131.4,5992.96,0.03782
2025-08-20T10:48:08.121309,100.0,98.30316566320994,-1.6968343367900616,-1.6968343367900616,CAD->ETH->BTC->CAD,False,158131.4,5992.96,0.03782
2025-08-20T10:48:17.452194,100.0,0.14113830048821474,-99.85886169951179,-99.85886169951179,CAD->BTC->ETH->CAD,False,158193.0,5992.96,0.03782
2025-08-20T10:48:17.452201,100.0,98.34145960739087,-1.658540392609126,-1.6585403926091262,CAD->ETH->BTC->CAD,False,158193.0,5992.96,0.03782
2025-08-20T10:48:27.453573,100.0,0.14113830048821474,-99.85886169951179,-99.85886169951179,CAD->BTC->ETH->CAD,False,158193.0,5992.96,0.03782
2025-08-20T10:48:27.453579,100.0,98.34145960739087,-1.658540392609126,-1.6585403926091262,CAD->ETH->BTC->CAD,False,158193.0,5992.96,0.03782
2025-08-20T10:48:37.735497,100.0,0.14119631671261357,-99.85880368328739,-99.85880368328739,CAD->BTC->ETH->CAD,False,158128.0,5992.96,0.03782
2025-08-20T10:48:37.735504,100.0,98.30105203642073,-1.698947963579272,-1.698947963579272,CAD->ETH->BTC->CAD,False,158128.0,5992.96,0.03782
2025-08-20T10:48:47.400635,100.0,0.14119631671261357,-99.85880368328739,-99.85880368328739,CAD->BTC->ETH->CAD,False,158128.0,5992.96,0.03782
2025-08-20T10:48:47.400641,100.0,98.30105203642073,-1.698947963579272,-1.698947963579272,CAD->ETH->BTC->CAD,False,158128.0,5992.96,0.03782
2025-08-20T10:48:57.255767,100.0,0.14092635239477722,-99.85907364760523,-99.85907364760523,CAD->BTC->ETH->CAD,False,158100.2,5980.45,0.03782
2025-08-20T10:48:57.255772,100.0,98.48936157544343,-1.510638424556575,-1.510638424556575,CAD->ETH->BTC->CAD,False,158100.2,5980.45,0.03782
2025-08-20T10:49:07.397750,100.0,0.14085182761825965,-99.85914817238174,-99.85914817238174,CAD->BTC->ETH->CAD,False,158100.2,5980.45,0.0378
2025-08-20T10:49:07.397767,100.0,98.43727835938024,-1.5627216406197562,-1.5627216406197562,CAD->ETH->BTC->CAD,False,158100.2,5980.45,0.0378
2025-08-20T10:49:17.460700,100.0,0.14085182761825965,-99.85914817238174,-99.85914817238174,CAD->BTC->ETH->CAD,False,158100.2,5980.45,0.0378
2025-08-20T10:49:17.460718,100.0,98.43727835938024,-1.5627216406197562,-1.5627216406197562,CAD->ETH->BTC->CAD,False,158100.2,5980.45,0.0378
2025-08-20T10:49:27.391157,100.0,0.14085182761825965,-99.85914817238174,-99.85914817238174,CAD->BTC->ETH->CAD,False,158100.2,5980.45,0.0378
2025-08-20T10:49:27.391163,100.0,98.43727835938024,-1.5627216406197562,-1.5627216406197562,CAD->ETH->BTC->CAD,False,158100.2,5980.45,0.0378
2025-08-20T10:49:37.388714,100.0,0.14088909000651845,-99.85911090999348,-99.85911090999348,CAD->BTC->ETH->CAD,False,158100.2,5980.45,0.03781
2025-08-20T10:49:37.388729,100.0,98.46331996741183,-1.5366800325881655,-1.5366800325881655,CAD->ETH->BTC->CAD,False,158100.2,5980.45,0.03781
2025-08-20T10:49:47.476687,100.0,0.140897823699912,-99.85910217630008,-99.85910217630008,CAD->BTC->ETH->CAD,False,158090.4,5980.45,0.03781
2025-08-20T10:49:47.476728,100.0,98.4572166194358,-1.5427833805642024,-1.5427833805642024,CAD->ETH->BTC->CAD,False,158090.4,5980.45,0.03781
2025-08-20T10:49:57.390266,100.0,0.140897823699912,-99.85910217630008,-99.85910217630008,CAD->BTC->ETH->CAD,False,158090.4,5980.45,0.03781
2025-08-20T10:49:57.390321,100.0,98.4572166194358,-1.5427833805642024,-1.5427833805642024,CAD->ETH->BTC->CAD,False,158090.4,5980.45,0.03781
2025-08-20T10:50:07.461839,100.0,0.140897823699912,-99.85910217630008,-99.85910217630008,CAD->BTC->ETH->CAD,False,158090.4,5980.45,0.03781
2025-08-20T10:50:07.461848,100.0,98.4572166194358,-1.5427833805642024,-1.5427833805642024,CAD->ETH->BTC->CAD,False,158090.4,5980.45,0.03781
2025-08-20T10:50:17.255592,100.0,0.140897823699912,-99.85910217630008,-99.85910217630008,CAD->BTC->ETH->CAD,False,158090.4,5980.45,0.03781
2025-08-20T10:50:17.255629,100.0,98.4572166194358,-1.5427833805642024,-1.5427833805642024,CAD->ETH->BTC->CAD,False,158090.4,5980.45,0.03781
2025-08-20T10:50:27.394118,100.0,0.140897823699912,-99.85910217630008,-99.85910217630008,CAD->BTC->ETH->CAD,False,158090.4,5980.45,0.03781
2025-08-20T10:50:27.394132,100.0,98.4572166194358,-1.5427833805642024,-1.5427833805642024,CAD->ETH->BTC->CAD,False,158090.4,5980.45,0.03781
2025-08-20T10:50:37.462781,100.0,0.14084025799163016,-99.85915974200837,-99.85915974200837,CAD->BTC->ETH->CAD,False,158196.8,5982.03,0.03781
2025-08-20T10:50:37.462795,100.0,98.49745908626294,-1.5025409137370644,-1.5025409137370644,CAD->ETH->BTC->CAD,False,158196.8,5982.03,0.03781
2025-08-20T10:50:47.484234,100.0,0.14087392575473534,-99.85912607424527,-99.85912607424527,CAD->BTC->ETH->CAD,False,158196.8,5983.46,0.03781
2025-08-20T10:50:47.484244,100.0,98.47391896624987,-1.5260810337501312,-1.5260810337501312,CAD->ETH->BTC->CAD,False,158196.8,5983.46,0.03781
2025-08-20T10:50:57.401694,100.0,0.14087392575473534,-99.85912607424527,-99.85912607424527,CAD->BTC->ETH->CAD,False,158196.8,5983.46,0.03781
2025-08-20T10:50:57.401708,100.0,98.47391896624987,-1.5260810337501312,-1.5260810337501312,CAD->ETH->BTC->CAD,False,158196.8,5983.46,0.03781
2025-08-20T10:51:07.410380,100.0,0.14087392575473534,-99.85912607424527,-99.85912607424527,CAD->BTC->ETH->CAD,False,158196.8,5983.46,0.03781
2025-08-20T10:51:07.410396,100.0,98.47391896624987,-1.5260810337501312,-1.5260810337501312,CAD->ETH->BTC->CAD,False,158196.8,5983.46,0.03781
2025-08-20T10:51:17.411031,100.0,0.14087392575473534,-99.85912607424527,-99.85912607424527,CAD->BTC->ETH->CAD,False,158196.8,5983.46,0.03781
2025-08-20T10:51:17.411097,100.0,98.47391896624987,-1.5260810337501312,-1.5260810337501312,CAD->ETH->BTC->CAD,False,158196.8,5983.46,0.03781
2025-08-20T10:51:27.276708,100.0,0.14087392575473534,-99.85912607424527,-99.85912607424527,CAD->BTC->ETH->CAD,False,158196.8,5983.46,0.03781
2025-08-20T10:51:27.276748,100.0,98.47391896624987,-1.5260810337501312,-1.5260810337501312,CAD->ETH->BTC->CAD,False,158196.8,5983.46,0.03781
2025-08-20T10:51:37.427124,100.0,0.14087392575473534,-99.85912607424527,-99.85912607424527,CAD->BTC->ETH->CAD,False,158196.8,5983.46,0.03781
2025-08-20T10:51:37.427153,100.0,98.47391896624987,-1.5260810337501312,-1.5260810337501312,CAD->ETH->BTC->CAD,False,158196.8,5983.46,0.03781
2025-08-20T10:51:47.445926,100.0,0.14082149494670154,-99.8591785050533,-99.8591785050533,CAD->BTC->ETH->CAD,False,158255.7,5983.46,0.03781
2025-08-20T10:51:47.445978,100.0,98.51058287997704,-1.4894171200229636,-1.4894171200229636,CAD->ETH->BTC->CAD,False,158255.7,5983.46,0.03781
2025-08-20T10:51:57.427535,100.0,0.14081490511095685,-99.85918509488904,-99.85918509488904,CAD->BTC->ETH->CAD,False,158255.7,5983.18,0.03781
2025-08-20T10:51:57.427593,100.0,98.51519296411396,-1.4848070358860355,-1.4848070358860355,CAD->ETH->BTC->CAD,False,158255.7,5983.18,0.03781
2025-08-20T10:52:07.417902,100.0,0.14081514046223342,-99.85918485953776,-99.85918485953776,CAD->BTC->ETH->CAD,False,158255.7,5983.19,0.03781
2025-08-20T10:52:07.417923,100.0,98.51502831082205,-1.4849716891779536,-1.4849716891779536,CAD->ETH->BTC->CAD,False,158255.7,5983.19,0.03781
2025-08-20T10:52:17.432304,100.0,0.1407528823460062,-99.859247117654,-99.859247117654,CAD->BTC->ETH->CAD,False,158325.7,5983.19,0.03781
2025-08-20T10:52:17.432357,100.0,98.5586036890344,-1.441396310965601,-1.441396310965601,CAD->ETH->BTC->CAD,False,158325.7,5983.19,0.03781
2025-08-20T10:52:27.419326,100.0,0.1407528823460062,-99.859247117654,-99.859247117654,CAD->BTC->ETH->CAD,False,158325.7,5983.19,0.03781
2025-08-20T10:52:27.419335,100.0,98.5586036890344,-1.441396310965601,-1.441396310965601,CAD->ETH->BTC->CAD,False,158325.7,5983.19,0.03781
2025-08-20T10:52:37.499838,100.0,0.14083639510965373,-99.85916360489034,-99.85916360489034,CAD->BTC->ETH->CAD,False,158325.7,5986.74,0.03781
2025-08-20T10:52:37.499874,100.0,98.50016068948939,-1.499839310510609,-1.499839310510609,CAD->ETH->BTC->CAD,False,158325.7,5986.74,0.03781
2025-08-20T10:52:47.412460,100.0,0.14086806971006088,-99.85913193028993,-99.85913193028993,CAD->BTC->ETH->CAD,False,158290.1,5986.74,0.03781
2025-08-20T10:52:47.412468,100.0,98.47801263822198,-1.5219873617780166,-1.5219873617780166,CAD->ETH->BTC->CAD,False,158290.1,5986.74,0.03781
2025-08-20T10:52:57.547783,100.0,0.14086806971006088,-99.85913193028993,-99.85913193028993,CAD->BTC->ETH->CAD,False,158290.1,5986.74,0.03781
2025-08-20T10:52:57.547801,100.0,98.47801263822198,-1.5219873617780166,-1.5219873617780166,CAD->ETH->BTC->CAD,False,158290.1,5986.74,0.03781
2025-08-20T10:53:07.411415,100.0,0.14086806971006088,-99.85913193028993,-99.85913193028993,CAD->BTC->ETH->CAD,False,158290.1,5986.74,0.03781
2025-08-20T10:53:07.411424,100.0,98.47801263822198,-1.5219873617780166,-1.5219873617780166,CAD->ETH->BTC->CAD,False,158290.1,5986.74,0.03781
2025-08-20T10:53:17.410259,100.0,0.14086895965175433,-99.85913104034825,-99.85913104034825,CAD->BTC->ETH->CAD,False,158289.1,5986.74,0.03781
2025-08-20T10:53:17.410270,100.0,98.47739050195044,-1.5226094980495617,-1.5226094980495617,CAD->ETH->BTC->CAD,False,158289.1,5986.74,0.03781
2025-08-20T10:53:27.415937,100.0,0.14086895965175433,-99.85913104034825,-99.85913104034825,CAD->BTC->ETH->CAD,False,158289.1,5986.74,0.03781
2025-08-20T10:53:27.415951,100.0,98.47739050195044,-1.5226094980495617,-1.5226094980495617,CAD->ETH->BTC->CAD,False,158289.1,5986.74,0.03781
2025-08-20T10:53:37.432795,100.0,0.14086895965175433,-99.85913104034825,-99.85913104034825,CAD->BTC->ETH->CAD,False,158289.1,5986.74,0.03781
2025-08-20T10:53:37.432828,100.0,98.47739050195044,-1.5226094980495617,-1.5226094980495617,CAD->ETH->BTC->CAD,False,158289.1,5986.74,0.03781
2025-08-20T10:53:47.447013,100.0,0.14086895965175433,-99.85913104034825,-99.85913104034825,CAD->BTC->ETH->CAD,False,158289.1,5986.74,0.03781
2025-08-20T10:53:47.447027,100.0,98.47739050195044,-1.5226094980495617,-1.5226094980495617,CAD->ETH->BTC->CAD,False,158289.1,5986.74,0.03781
2025-08-20T10:53:57.426962,100.0,0.14086895965175433,-99.85913104034825,-99.85913104034825,CAD->BTC->ETH->CAD,False,158289.1,5986.74,0.03781
2025-08-20T10:53:57.426977,100.0,98.47739050195044,-1.5226094980495617,-1.5226094980495617,CAD->ETH->BTC->CAD,False,158289.1,5986.74,0.03781
2025-08-20T10:54:07.431024,100.0,0.14086895965175433,-99.85913104034825,-99.85913104034825,CAD->BTC->ETH->CAD,False,158289.1,5986.74,0.03781
2025-08-20T10:54:07.431044,100.0,98.47739050195044,-1.5226094980495617,-1.5226094980495617,CAD->ETH->BTC->CAD,False,158289.1,5986.74,0.03781
2025-08-20T10:54:17.428525,100.0,0.14086895965175433,-99.85913104034825,-99.85913104034825,CAD->BTC->ETH->CAD,False,158289.1,5986.74,0.03781
2025-08-20T10:54:17.428568,100.0,98.47739050195044,-1.5226094980495617,-1.5226094980495617,CAD->ETH->BTC->CAD,False,158289.1,5986.74,0.03781
2025-08-20T10:54:27.415951,100.0,0.14086895965175433,-99.85913104034825,-99.85913104034825,CAD->BTC->ETH->CAD,False,158289.1,5986.74,0.03781
2025-08-20T10:54:27.415965,100.0,98.47739050195044,-1.5226094980495617,-1.5226094980495617,CAD->ETH->BTC->CAD,False,158289.1,5986.74,0.03781
2025-08-20T10:54:37.701625,100.0,0.1408812419955136,-99.85911875800448,-99.85911875800448,CAD->BTC->ETH->CAD,False,158275.3,5986.74,0.03781
2025-08-20T10:54:37.701687,100.0,98.46880502140294,-1.5311949785970569,-1.5311949785970569,CAD->ETH->BTC->CAD,False,158275.3,5986.74,0.03781
2025-08-20T10:54:47.695022,100.0,0.140865755914281,-99.85913424408572,-99.85913424408572,CAD->BTC->ETH->CAD,False,158292.7,5986.74,0.03781
2025-08-20T10:54:47.695040,100.0,98.47963019252803,-1.5203698074719654,-1.5203698074719654,CAD->ETH->BTC->CAD,False,158292.7,5986.74,0.03781
2025-08-20T10:54:57.757407,100.0,0.140865755914281,-99.85913424408572,-99.85913424408572,CAD->BTC->ETH->CAD,False,158292.7,5986.74,0.03781
2025-08-20T10:54:57.757417,100.0,98.47963019252803,-1.5203698074719654,-1.5203698074719654,CAD->ETH->BTC->CAD,False,158292.7,5986.74,0.03781
2025-08-20T10:55:07.429158,100.0,0.140865755914281,-99.85913424408572,-99.85913424408572,CAD->BTC->ETH->CAD,False,158292.7,5986.74,0.03781
2025-08-20T10:55:07.429192,100.0,98.47963019252803,-1.5203698074719654,-1.5203698074719654,CAD->ETH->BTC->CAD,False,158292.7,5986.74,0.03781
2025-08-20T10:55:17.427161,100.0,0.14091819093779273,-99.8590818090622,-99.8590818090622,CAD->BTC->ETH->CAD,False,158233.8,5986.74,0.03781
2025-08-20T10:55:17.427211,100.0,98.44298636613337,-1.5570136338666316,-1.5570136338666316,CAD->ETH->BTC->CAD,False,158233.8,5986.74,0.03781
2025-08-20T10:55:27.484007,100.0,0.14094482399746472,-99.85905517600254,-99.85905517600254,CAD->BTC->ETH->CAD,False,158203.9,5986.74,0.03781
2025-08-20T10:55:27.484021,100.0,98.42438449161385,-1.57561550838615,-1.5756155083861503,CAD->ETH->BTC->CAD,False,158203.9,5986.74,0.03781
2025-08-20T10:55:37.449009,100.0,0.1406693728436197,-99.85933062715638,-99.85933062715638,CAD->BTC->ETH->CAD,False,158203.9,5975.04,0.03781
2025-08-20T10:55:37.449046,100.0,98.61711379527573,-1.3828862047242723,-1.3828862047242723,CAD->ETH->BTC->CAD,False,158203.9,5975.04,0.03781
2025-08-20T10:55:47.604608,100.0,0.1406693728436197,-99.85933062715638,-99.85933062715638,CAD->BTC->ETH->CAD,False,158203.9,5975.04,0.03781
2025-08-20T10:55:47.604678,100.0,98.61711379527573,-1.3828862047242723,-1.3828862047242723,CAD->ETH->BTC->CAD,False,158203.9,5975.04,0.03781
2025-08-20T10:55:57.670597,100.0,0.1406360059695971,-99.8593639940304,-99.8593639940304,CAD->BTC->ETH->CAD,False,158135.5,5971.04,0.03781
2025-08-20T10:55:57.670606,100.0,98.64051139384793,-1.3594886061520697,-1.3594886061520697,CAD->ETH->BTC->CAD,False,158135.5,5971.04,0.03781
2025-08-20T10:56:07.669295,100.0,0.1406360059695971,-99.8593639940304,-99.8593639940304,CAD->BTC->ETH->CAD,False,158135.5,5971.04,0.03781
2025-08-20T10:56:07.669321,100.0,98.64051139384793,-1.3594886061520697,-1.3594886061520697,CAD->ETH->BTC->CAD,False,158135.5,5971.04,0.03781
2025-08-20T10:56:17.509159,100.0,0.1406514651502066,-99.85934853484979,-99.85934853484979,CAD->BTC->ETH->CAD,False,158076.3,5971.04,0.0378
2025-08-20T10:56:17.509181,100.0,98.57750538097184,-1.422494619028157,-1.422494619028157,CAD->ETH->BTC->CAD,False,158076.3,5971.04,0.0378
2025-08-20T10:56:27.426469,100.0,0.1406514651502066,-99.85934853484979,-99.85934853484979,CAD->BTC->ETH->CAD,False,158076.3,5971.04,0.0378
2025-08-20T10:56:27.426514,100.0,98.57750538097184,-1.422494619028157,-1.422494619028157,CAD->ETH->BTC->CAD,False,158076.3,5971.04,0.0378
2025-08-20T10:56:37.521638,100.0,0.14063705236189952,-99.8593629476381,-99.8593629476381,CAD->BTC->ETH->CAD,False,158092.5,5971.04,0.0378
2025-08-20T10:56:37.521650,100.0,98.58760781623364,-1.4123921837663573,-1.4123921837663573,CAD->ETH->BTC->CAD,False,158092.5,5971.04,0.0378
2025-08-20T10:56:47.436908,100.0,0.14063705236189952,-99.8593629476381,-99.8593629476381,CAD->BTC->ETH->CAD,False,158092.5,5971.04,0.0378
2025-08-20T10:56:47.436954,100.0,98.58760781623364,-1.4123921837663573,-1.4123921837663573,CAD->ETH->BTC->CAD,False,158092.5,5971.04,0.0378
2025-08-20T10:56:57.505739,100.0,0.14063705236189952,-99.8593629476381,-99.8593629476381,CAD->BTC->ETH->CAD,False,158092.5,5971.04,0.0378
2025-08-20T10:56:57.505754,100.0,98.58760781623364,-1.4123921837663573,-1.4123921837663573,CAD->ETH->BTC->CAD,False,158092.5,5971.04,0.0378
2025-08-20T10:57:07.518162,100.0,0.14063765440709886,-99.8593623455929,-99.8593623455929,CAD->BTC->ETH->CAD,False,158050.0,5971.04,0.03779
2025-08-20T10:57:07.518208,100.0,98.53503014757582,-1.4649698524241757,-1.4649698524241757,CAD->ETH->BTC->CAD,False,158050.0,5971.04,0.03779
2025-08-20T10:57:17.373333,100.0,0.1406806463414126,-99.85931935365859,-99.85931935365859,CAD->BTC->ETH->CAD,False,158001.7,5971.04,0.03779
2025-08-20T10:57:17.373363,100.0,98.5049178922381,-1.4950821077619025,-1.4950821077619025,CAD->ETH->BTC->CAD,False,158001.7,5971.04,0.03779
2025-08-20T10:57:27.550121,100.0,0.14060619244019992,-99.8593938075598,-99.8593938075598,CAD->BTC->ETH->CAD,False,158001.7,5971.04,0.03777
2025-08-20T10:57:27.550134,100.0,98.45278509631734,-1.547214903682658,-1.547214903682658,CAD->ETH->BTC->CAD,False,158001.7,5971.04,0.03777
2025-08-20T10:57:37.471659,100.0,0.14056896548959358,-99.85943103451041,-99.85943103451041,CAD->BTC->ETH->CAD,False,158001.7,5971.04,0.03776
2025-08-20T10:57:37.471697,100.0,98.42671869835699,-1.5732813016430072,-1.5732813016430072,CAD->ETH->BTC->CAD,False,158001.7,5971.04,0.03776
2025-08-20T10:57:47.446833,100.0,0.14056896548959358,-99.85943103451041,-99.85943103451041,CAD->BTC->ETH->CAD,False,158001.7,5971.04,0.03776
2025-08-20T10:57:47.446881,100.0,98.42671869835699,-1.5732813016430072,-1.5732813016430072,CAD->ETH->BTC->CAD,False,158001.7,5971.04,0.03776
2025-08-20T10:57:57.431336,100.0,0.14053703368437082,-99.85946296631563,-99.85946296631563,CAD->BTC->ETH->CAD,False,158037.6,5971.04,0.03776
2025-08-20T10:57:57.431350,100.0,98.44908250331144,-1.5509174966885553,-1.5509174966885553,CAD->ETH->BTC->CAD,False,158037.6,5971.04,0.03776
2025-08-20T10:58:07.435880,100.0,0.14053703368437082,-99.85946296631563,-99.85946296631563,CAD->BTC->ETH->CAD,False,158037.6,5971.04,0.03776
2025-08-20T10:58:07.435912,100.0,98.44908250331144,-1.5509174966885553,-1.5509174966885553,CAD->ETH->BTC->CAD,False,158037.6,5971.04,0.03776
2025-08-20T10:58:17.443136,100.0,0.14053703368437082,-99.85946296631563,-99.85946296631563,CAD->BTC->ETH->CAD,False,158037.6,5971.04,0.03776
2025-08-20T10:58:17.443160,100.0,98.44908250331144,-1.5509174966885553,-1.5509174966885553,CAD->ETH->BTC->CAD,False,158037.6,5971.04,0.03776
2025-08-20T10:58:27.709456,100.0,0.14056175955287026,-99.85943824044713,-99.85943824044713,CAD->BTC->ETH->CAD,False,158009.8,5971.04,0.03776
2025-08-20T10:58:27.709468,100.0,98.43176457078404,-1.5682354292159602,-1.5682354292159602,CAD->ETH->BTC->CAD,False,158009.8,5971.04,0.03776
2025-08-20T10:58:37.441655,100.0,0.1404946688928302,-99.85950533110717,-99.85950533110717,CAD->BTC->ETH->CAD,False,158009.8,5968.19,0.03776
2025-08-20T10:58:37.441669,100.0,98.47876886002865,-1.5212311399713485,-1.5212311399713485,CAD->ETH->BTC->CAD,False,158009.8,5968.19,0.03776
2025-08-20T10:58:47.441788,100.0,0.14050187139013262,-99.85949812860987,-99.85949812860987,CAD->BTC->ETH->CAD,False,158001.7,5968.19,0.03776
2025-08-20T10:58:47.441828,100.0,98.47372057803751,-1.5262794219624851,-1.5262794219624851,CAD->ETH->BTC->CAD,False,158001.7,5968.19,0.03776
2025-08-20T10:58:57.438778,100.0,0.14050187139013262,-99.85949812860987,-99.85949812860987,CAD->BTC->ETH->CAD,False,158001.7,5968.19,0.03776
2025-08-20T10:58:57.438825,100.0,98.47372057803751,-1.5262794219624851,-1.5262794219624851,CAD->ETH->BTC->CAD,False,158001.7,5968.19,0.03776
2025-08-20T10:59:07.528217,100.0,0.14050187139013262,-99.85949812860987,-99.85949812860987,CAD->BTC->ETH->CAD,False,158001.7,5968.19,0.03776
2025-08-20T10:59:07.528226,100.0,98.47372057803751,-1.5262794219624851,-1.5262794219624851,CAD->ETH->BTC->CAD,False,158001.7,5968.19,0.03776
2025-08-20T10:59:17.431295,100.0,0.14050187139013262,-99.85949812860987,-99.85949812860987,CAD->BTC->ETH->CAD,False,158001.7,5968.19,0.03776
2025-08-20T10:59:17.431310,100.0,98.47372057803751,-1.5262794219624851,-1.5262794219624851,CAD->ETH->BTC->CAD,False,158001.7,5968.19,0.03776
2025-08-20T10:59:27.444886,100.0,0.14041170633717281,-99.85958829366282,-99.85958829366282,CAD->BTC->ETH->CAD,False,158001.7,5964.36,0.03776
2025-08-20T10:59:27.444908,100.0,98.53695525029305,-1.4630447497069525,-1.4630447497069525,CAD->ETH->BTC->CAD,False,158001.7,5964.36,0.03776
2025-08-20T10:59:37.508050,100.0,0.14041170633717281,-99.85958829366282,-99.85958829366282,CAD->BTC->ETH->CAD,False,158001.7,5964.36,0.03776
2025-08-20T10:59:37.508064,100.0,98.53695525029305,-1.4630447497069525,-1.4630447497069525,CAD->ETH->BTC->CAD,False,158001.7,5964.36,0.03776
2025-08-20T10:59:47.441304,100.0,0.14041170633717281,-99.85958829366282,-99.85958829366282,CAD->BTC->ETH->CAD,False,158001.7,5964.36,0.03776
2025-08-20T10:59:47.441355,100.0,98.53695525029305,-1.4630447497069525,-1.4630447497069525,CAD->ETH->BTC->CAD,False,158001.7,5964.36,0.03776
2025-08-20T10:59:57.522711,100.0,0.14041170633717281,-99.85958829366282,-99.85958829366282,CAD->BTC->ETH->CAD,False,158001.7,5964.36,0.03776
2025-08-20T10:59:57.522739,100.0,98.53695525029305,-1.4630447497069525,-1.4630447497069525,CAD->ETH->BTC->CAD,False,158001.7,5964.36,0.03776
2025-08-20T11:00:07.445807,100.0,0.14041170633717281,-99.85958829366282,-99.85958829366282,CAD->BTC->ETH->CAD,False,158001.7,5964.36,0.03776
2025-08-20T11:00:07.445828,100.0,98.53695525029305,-1.4630447497069525,-1.4630447497069525,CAD->ETH->BTC->CAD,False,158001.7,5964.36,0.03776
2025-08-20T11:00:17.439539,100.0,0.14041170633717281,-99.85958829366282,-99.85958829366282,CAD->BTC->ETH->CAD,False,158001.7,5964.36,0.03776
2025-08-20T11:00:17.439544,100.0,98.53695525029305,-1.4630447497069525,-1.4630447497069525,CAD->ETH->BTC->CAD,False,158001.7,5964.36,0.03776
2025-08-20T11:00:27.532680,100.0,0.14052941528359555,-99.8594705847164,-99.8594705847164,CAD->BTC->ETH->CAD,False,158001.7,5969.36,0.03776
2025-08-20T11:00:27.532746,100.0,98.45441963906309,-1.5455803609369099,-1.5455803609369099,CAD->ETH->BTC->CAD,False,158001.7,5969.36,0.03776
2025-08-20T11:00:37.436588,100.0,0.1404700714737898,-99.85952992852621,-99.85952992852621,CAD->BTC->ETH->CAD,False,158009.4,5967.13,0.03776
2025-08-20T11:00:37.436614,100.0,98.49601327030636,-1.5039867296936364,-1.5039867296936364,CAD->ETH->BTC->CAD,False,158009.4,5967.13,0.03776
2025-08-20T11:00:47.518166,100.0,0.1404700714737898,-99.85952992852621,-99.85952992852621,CAD->BTC->ETH->CAD,False,158009.4,5967.13,0.03776
2025-08-20T11:00:47.518179,100.0,98.49601327030636,-1.5039867296936364,-1.5039867296936364,CAD->ETH->BTC->CAD,False,158009.4,5967.13,0.03776
2025-08-20T11:00:57.439783,100.0,0.14054447299469752,-99.85945552700531,-99.85945552700531,CAD->BTC->ETH->CAD,False,158009.4,5967.13,0.03778
2025-08-20T11:00:57.439816,100.0,98.54818276886053,-1.4518172311394721,-1.4518172311394721,CAD->ETH->BTC->CAD,False,158009.4,5967.13,0.03778
2025-08-20T11:01:07.535356,100.0,0.14055141119588893,-99.85944858880411,-99.85944858880411,CAD->BTC->ETH->CAD,False,158001.6,5967.13,0.03778
2025-08-20T11:01:07.535374,100.0,98.54331802141135,-1.456681978588648,-1.456681978588648,CAD->ETH->BTC->CAD,False,158001.6,5967.13,0.03778
2025-08-20T11:01:17.309163,100.0,0.14055141119588893,-99.85944858880411,-99.85944858880411,CAD->BTC->ETH->CAD,False,158001.6,5967.13,0.03778
2025-08-20T11:01:17.309170,100.0,98.54331802141135,-1.456681978588648,-1.456681978588648,CAD->ETH->BTC->CAD,False,158001.6,5967.13,0.03778
2025-08-20T11:01:27.442085,100.0,0.14050232480480665,-99.8594976751952,-99.8594976751952,CAD->BTC->ETH->CAD,False,158056.8,5967.13,0.03778
2025-08-20T11:01:27.442099,100.0,98.57774546489787,-1.4222545351021267,-1.4222545351021267,CAD->ETH->BTC->CAD,False,158056.8,5967.13,0.03778
2025-08-20T11:01:37.439978,100.0,0.14088188708614682,-99.85911811291385,-99.85911811291385,CAD->BTC->ETH->CAD,False,158056.8,5983.25,0.03778
2025-08-20T11:01:37.439992,100.0,98.31215849178224,-1.6878415082177582,-1.6878415082177582,CAD->ETH->BTC->CAD,False,158056.8,5983.25,0.03778
2025-08-20T11:01:47.459388,100.0,0.1410310473689273,-99.85896895263107,-99.85896895263107,CAD->BTC->ETH->CAD,False,158056.8,5983.25,0.03782
2025-08-20T11:01:47.459432,100.0,98.41624759553216,-1.5837524044678446,-1.5837524044678446,CAD->ETH->BTC->CAD,False,158056.8,5983.25,0.03782
2025-08-20T11:01:57.497730,100.0,0.1410310473689273,-99.85896895263107,-99.85896895263107,CAD->BTC->ETH->CAD,False,158056.8,5983.25,0.03782
2025-08-20T11:01:57.497791,100.0,98.41624759553216,-1.5837524044678446,-1.5837524044678446,CAD->ETH->BTC->CAD,False,158056.8,5983.25,0.03782
2025-08-20T11:02:07.533264,100.0,0.1410310473689273,-99.85896895263107,-99.85896895263107,CAD->BTC->ETH->CAD,False,158056.8,5983.25,0.03782
2025-08-20T11:02:07.533277,100.0,98.41624759553216,-1.5837524044678446,-1.5837524044678446,CAD->ETH->BTC->CAD,False,158056.8,5983.25,0.03782
2025-08-20T11:02:17.522149,100.0,0.1410310473689273,-99.85896895263107,-99.85896895263107,CAD->BTC->ETH->CAD,False,158056.8,5983.25,0.03782
2025-08-20T11:02:17.522163,100.0,98.41624759553216,-1.5837524044678446,-1.5837524044678446,CAD->ETH->BTC->CAD,False,158056.8,5983.25,0.03782
2025-08-20T11:02:27.572974,100.0,0.14101891339416525,-99.85898108660584,-99.85898108660584,CAD->BTC->ETH->CAD,False,158070.4,5983.25,0.03782
2025-08-20T11:02:27.572989,100.0,98.42471582320283,-1.5752841767971688,-1.575284176797169,CAD->ETH->BTC->CAD,False,158070.4,5983.25,0.03782
2025-08-20T11:02:37.516003,100.0,0.14101891339416525,-99.85898108660584,-99.85898108660584,CAD->BTC->ETH->CAD,False,158070.4,5983.25,0.03782
2025-08-20T11:02:37.516018,100.0,98.42471582320283,-1.5752841767971688,-1.575284176797169,CAD->ETH->BTC->CAD,False,158070.4,5983.25,0.03782
2025-08-20T11:02:47.448195,100.0,0.14101891339416525,-99.85898108660584,-99.85898108660584,CAD->BTC->ETH->CAD,False,158070.4,5983.25,0.03782
2025-08-20T11:02:47.448210,100.0,98.42471582320283,-1.5752841767971688,-1.575284176797169,CAD->ETH->BTC->CAD,False,158070.4,5983.25,0.03782
2025-08-20T11:02:57.452156,100.0,0.1409062386077409,-99.85909376139226,-99.85909376139226,CAD->BTC->ETH->CAD,False,158196.8,5983.25,0.03782
2025-08-20T11:02:57.452172,100.0,98.50342052743622,-1.4965794725637807,-1.4965794725637807,CAD->ETH->BTC->CAD,False,158196.8,5983.25,0.03782
2025-08-20T11:03:07.469505,100.0,0.1409062386077409,-99.85909376139226,-99.85909376139226,CAD->BTC->ETH->CAD,False,158196.8,5983.25,0.03782
2025-08-20T11:03:07.469519,100.0,98.50342052743622,-1.4965794725637807,-1.4965794725637807,CAD->ETH->BTC->CAD,False,158196.8,5983.25,0.03782
2025-08-20T11:03:17.465447,100.0,0.14112643220335908,-99.85887356779664,-99.85887356779664,CAD->BTC->ETH->CAD,False,158196.8,5992.6,0.03782
2025-08-20T11:03:17.465464,100.0,98.34972981189846,-1.650270188101544,-1.650270188101544,CAD->ETH->BTC->CAD,False,158196.8,5992.6,0.03782
2025-08-20T11:03:27.474109,100.0,0.14088339499407784,-99.85911660500592,-99.85911660500592,CAD->BTC->ETH->CAD,False,158196.8,5982.28,0.03782
2025-08-20T11:03:27.474142,100.0,98.51939241740317,-1.4806075825968321,-1.4806075825968321,CAD->ETH->BTC->CAD,False,158196.8,5982.28,0.03782
2025-08-20T11:03:37.546999,100.0,0.14088339499407784,-99.85911660500592,-99.85911660500592,CAD->BTC->ETH->CAD,False,158196.8,5982.28,0.03782
2025-08-20T11:03:37.547013,100.0,98.51939241740317,-1.4806075825968321,-1.4806075825968321,CAD->ETH->BTC->CAD,False,158196.8,5982.28,0.03782
2025-08-20T11:03:47.641554,100.0,0.14084012717715097,-99.85915987282284,-99.85915987282284,CAD->BTC->ETH->CAD,False,158245.4,5982.28,0.03782
2025-08-20T11:03:47.641572,100.0,98.54965878481065,-1.4503412151893542,-1.4503412151893542,CAD->ETH->BTC->CAD,False,158245.4,5982.28,0.03782
2025-08-20T11:03:57.480005,100.0,0.14084012717715097,-99.85915987282284,-99.85915987282284,CAD->BTC->ETH->CAD,False,158245.4,5982.28,0.03782
2025-08-20T11:03:57.480018,100.0,98.54965878481065,-1.4503412151893542,-1.4503412151893542,CAD->ETH->BTC->CAD,False,158245.4,5982.28,0.03782
2025-08-20T11:04:07.532812,100.0,0.14086641758930116,-99.85913358241069,-99.85913358241069,CAD->BTC->ETH->CAD,False,158257.7,5982.28,0.03783
2025-08-20T11:04:07.532841,100.0,98.5833783680006,-1.416621631999405,-1.416621631999405,CAD->ETH->BTC->CAD,False,158257.7,5982.28,0.03783
2025-08-20T11:04:17.465638,100.0,0.14088226329087888,-99.85911773670912,-99.85911773670912,CAD->BTC->ETH->CAD,False,158239.9,5982.28,0.03783
2025-08-20T11:04:17.465669,100.0,98.57229022420125,-1.4277097757987463,-1.4277097757987463,CAD->ETH->BTC->CAD,False,158239.9,5982.28,0.03783
2025-08-20T11:04:27.520655,100.0,0.14091950417464597,-99.85908049582535,-99.85908049582535,CAD->BTC->ETH->CAD,False,158239.9,5982.28,0.03784
2025-08-20T11:04:27.520675,100.0,98.59834686977996,-1.4016531302200406,-1.4016531302200406,CAD->ETH->BTC->CAD,False,158239.9,5982.28,0.03784
2025-08-20T11:04:37.469939,100.0,0.14091950417464597,-99.85908049582535,-99.85908049582535,CAD->BTC->ETH->CAD,False,158239.9,5982.28,0.03784
2025-08-20T11:04:37.469965,100.0,98.59834686977996,-1.4016531302200406,-1.4016531302200406,CAD->ETH->BTC->CAD,False,158239.9,5982.28,0.03784
2025-08-20T11:04:47.478135,100.0,0.1409939859421801,-99.85900601405783,-99.85900601405783,CAD->BTC->ETH->CAD,False,158239.9,5982.28,0.03786
2025-08-20T11:04:47.478152,100.0,98.65046016093731,-1.349539839062686,-1.349539839062686,CAD->ETH->BTC->CAD,False,158239.9,5982.28,0.03786
2025-08-20T11:04:57.478857,100.0,0.14095674505841305,-99.85904325494158,-99.85904325494158,CAD->BTC->ETH->CAD,False,158239.9,5982.28,0.03785
2025-08-20T11:04:57.478896,100.0,98.62440351535865,-1.375596484641349,-1.375596484641349,CAD->ETH->BTC->CAD,False,158239.9,5982.28,0.03785
2025-08-20T11:05:07.465408,100.0,0.14095674505841305,-99.85904325494158,-99.85904325494158,CAD->BTC->ETH->CAD,False,158239.9,5982.28,0.03785
2025-08-20T11:05:07.465418,100.0,98.62440351535865,-1.375596484641349,-1.375596484641349,CAD->ETH->BTC->CAD,False,158239.9,5982.28,0.03785
2025-08-20T11:05:17.475904,100.0,0.14095674505841305,-99.85904325494158,-99.85904325494158,CAD->BTC->ETH->CAD,False,158239.9,5982.28,0.03785
2025-08-20T11:05:17.475941,100.0,98.62440351535865,-1.375596484641349,-1.375596484641349,CAD->ETH->BTC->CAD,False,158239.9,5982.28,0.03785
2025-08-20T11:05:27.121962,100.0,0.1409334105179111,-99.85906658948208,-99.85906658948208,CAD->BTC->ETH->CAD,False,158266.1,5982.28,0.03785
2025-08-20T11:05:27.122003,100.0,98.64073289481416,-1.359267105185836,-1.359267105185836,CAD->ETH->BTC->CAD,False,158266.1,5982.28,0.03785
2025-08-20T11:05:27.327608,100.0,0.1409334105179111,-99.85906658948208,-99.85906658948208,CAD->BTC->ETH->CAD,False,158266.1,5982.28,0.03785
2025-08-20T11:05:27.327620,100.0,98.64073289481416,-1.359267105185836,-1.359267105185836,CAD->ETH->BTC->CAD,False,158266.1,5982.28,0.03785
2025-08-20T11:05:36.531668,100.0,0.1409334105179111,-99.85906658948208,-99.85906658948208,CAD->BTC->ETH->CAD,False,158266.1,5982.28,0.03785
2025-08-20T11:05:36.531674,100.0,98.64073289481416,-1.359267105185836,-1.359267105185836,CAD->ETH->BTC->CAD,False,158266.1,5982.28,0.03785
2025-08-20T11:05:37.332281,100.0,0.1409334105179111,-99.85906658948208,-99.85906658948208,CAD->BTC->ETH->CAD,False,158266.1,5982.28,0.03785
2025-08-20T11:05:37.332316,100.0,98.64073289481416,-1.359267105185836,-1.359267105185836,CAD->ETH->BTC->CAD,False,158266.1,5982.28,0.03785
2025-08-20T11:05:46.814626,100.0,0.1409334105179111,-99.85906658948208,-99.85906658948208,CAD->BTC->ETH->CAD,False,158266.1,5982.28,0.03785
2025-08-20T11:05:46.814634,100.0,98.64073289481416,-1.359267105185836,-1.359267105185836,CAD->ETH->BTC->CAD,False,158266.1,5982.28,0.03785
2025-08-20T11:05:47.393058,100.0,0.1409334105179111,-99.85906658948208,-99.85906658948208,CAD->BTC->ETH->CAD,False,158266.1,5982.28,0.03785
2025-08-20T11:05:47.393072,100.0,98.64073289481416,-1.359267105185836,-1.359267105185836,CAD->ETH->BTC->CAD,False,158266.1,5982.28,0.03785
2025-08-20T11:05:56.680076,100.0,0.1409334105179111,-99.85906658948208,-99.85906658948208,CAD->BTC->ETH->CAD,False,158266.1,5982.28,0.03785
2025-08-20T11:05:56.680109,100.0,98.64073289481416,-1.359267105185836,-1.359267105185836,CAD->ETH->BTC->CAD,False,158266.1,5982.28,0.03785
2025-08-20T11:05:57.333563,100.0,0.1409334105179111,-99.85906658948208,-99.85906658948208,CAD->BTC->ETH->CAD,False,158266.1,5982.28,0.03785
2025-08-20T11:05:57.333597,100.0,98.64073289481416,-1.359267105185836,-1.359267105185836,CAD->ETH->BTC->CAD,False,158266.1,5982.28,0.03785
2025-08-20T11:06:06.638319,100.0,0.1409550525990527,-99.85904494740095,-99.85904494740095,CAD->BTC->ETH->CAD,False,158241.8,5982.28,0.03785
2025-08-20T11:06:06.638329,100.0,98.62558770699856,-1.3744122930014413,-1.3744122930014413,CAD->ETH->BTC->CAD,False,158241.8,5982.28,0.03785
2025-08-20T11:06:07.419348,100.0,0.1409550525990527,-99.85904494740095,-99.85904494740095,CAD->BTC->ETH->CAD,False,158241.8,5982.28,0.03785
2025-08-20T11:06:07.419355,100.0,98.62558770699856,-1.3744122930014413,-1.3744122930014413,CAD->ETH->BTC->CAD,False,158241.8,5982.28,0.03785
2025-08-20T11:06:16.621714,100.0,0.1409550525990527,-99.85904494740095,-99.85904494740095,CAD->BTC->ETH->CAD,False,158241.8,5982.28,0.03785
2025-08-20T11:06:16.621739,100.0,98.62558770699856,-1.3744122930014413,-1.3744122930014413,CAD->ETH->BTC->CAD,False,158241.8,5982.28,0.03785
2025-08-20T11:06:17.343250,100.0,0.1409550525990527,-99.85904494740095,-99.85904494740095,CAD->BTC->ETH->CAD,False,158241.8,5982.28,0.03785
2025-08-20T11:06:17.343292,100.0,98.62558770699856,-1.3744122930014413,-1.3744122930014413,CAD->ETH->BTC->CAD,False,158241.8,5982.28,0.03785
2025-08-20T11:06:26.621050,100.0,0.1409547853723426,-99.85904521462766,-99.85904521462766,CAD->BTC->ETH->CAD,False,158242.1,5982.28,0.03785
2025-08-20T11:06:26.621080,100.0,98.62577468462591,-1.3742253153740904,-1.3742253153740904,CAD->ETH->BTC->CAD,False,158242.1,5982.28,0.03785
2025-08-20T11:06:27.340133,100.0,0.1409547853723426,-99.85904521462766,-99.85904521462766,CAD->BTC->ETH->CAD,False,158242.1,5982.28,0.03785
2025-08-20T11:06:27.340158,100.0,98.62577468462591,-1.3742253153740904,-1.3742253153740904,CAD->ETH->BTC->CAD,False,158242.1,5982.28,0.03785
2025-08-20T11:06:36.643825,100.0,0.1409547853723426,-99.85904521462766,-99.85904521462766,CAD->BTC->ETH->CAD,False,158242.1,5982.28,0.03785
2025-08-20T11:06:36.643837,100.0,98.62577468462591,-1.3742253153740904,-1.3742253153740904,CAD->ETH->BTC->CAD,False,158242.1,5982.28,0.03785
2025-08-20T11:06:37.324099,100.0,0.1409547853723426,-99.85904521462766,-99.85904521462766,CAD->BTC->ETH->CAD,False,158242.1,5982.28,0.03785
2025-08-20T11:06:37.324105,100.0,98.62577468462591,-1.3742253153740904,-1.3742253153740904,CAD->ETH->BTC->CAD,False,158242.1,5982.28,0.03785
2025-08-20T11:06:46.622303,100.0,0.1409547853723426,-99.85904521462766,-99.85904521462766,CAD->BTC->ETH->CAD,False,158242.1,5982.28,0.03785
2025-08-20T11:06:46.622326,100.0,98.62577468462591,-1.3742253153740904,-1.3742253153740904,CAD->ETH->BTC->CAD,False,158242.1,5982.28,0.03785
2025-08-20T11:06:47.332145,100.0,0.1409547853723426,-99.85904521462766,-99.85904521462766,CAD->BTC->ETH->CAD,False,158242.1,5982.28,0.03785
2025-08-20T11:06:47.332164,100.0,98.62577468462591,-1.3742253153740904,-1.3742253153740904,CAD->ETH->BTC->CAD,False,158242.1,5982.28,0.03785
2025-08-20T11:06:56.556342,100.0,0.14091754500632614,-99.85908245499367,-99.85908245499367,CAD->BTC->ETH->CAD,False,158242.1,5982.28,0.03784
2025-08-20T11:06:56.556402,100.0,98.59971767678321,-1.4002823232167856,-1.4002823232167856,CAD->ETH->BTC->CAD,False,158242.1,5982.28,0.03784
2025-08-20T11:06:57.332167,100.0,0.14091754500632614,-99.85908245499367,-99.85908245499367,CAD->BTC->ETH->CAD,False,158242.1,5982.28,0.03784
2025-08-20T11:06:57.332219,100.0,98.59971767678321,-1.4002823232167856,-1.4002823232167856,CAD->ETH->BTC->CAD,False,158242.1,5982.28,0.03784
2025-08-20T11:07:06.626114,100.0,0.14088030464030968,-99.8591196953597,-99.8591196953597,CAD->BTC->ETH->CAD,False,158242.1,5982.28,0.03783
2025-08-20T11:07:06.626132,100.0,98.5736606689405,-1.426339331059495,-1.426339331059495,CAD->ETH->BTC->CAD,False,158242.1,5982.28,0.03783
2025-08-20T11:07:07.414589,100.0,0.14088030464030968,-99.8591196953597,-99.8591196953597,CAD->BTC->ETH->CAD,False,158242.1,5982.28,0.03783
2025-08-20T11:07:07.414625,100.0,98.5736606689405,-1.426339331059495,-1.426339331059495,CAD->ETH->BTC->CAD,False,158242.1,5982.28,0.03783
2025-08-20T11:07:16.666265,100.0,0.14088030464030968,-99.8591196953597,-99.8591196953597,CAD->BTC->ETH->CAD,False,158242.1,5982.28,0.03783
2025-08-20T11:07:16.666300,100.0,98.5736606689405,-1.426339331059495,-1.426339331059495,CAD->ETH->BTC->CAD,False,158242.1,5982.28,0.03783
2025-08-20T11:07:17.325299,100.0,0.14088030464030968,-99.8591196953597,-99.8591196953597,CAD->BTC->ETH->CAD,False,158242.1,5982.28,0.03783
2025-08-20T11:07:17.325320,100.0,98.5736606689405,-1.426339331059495,-1.426339331059495,CAD->ETH->BTC->CAD,False,158242.1,5982.28,0.03783
2025-08-20T11:08:27.444975,100.0,0.14098448743278477,-99.85901551256721,-99.85901551256721,CAD->BTC->ETH->CAD,False,158240.2,5985.05,0.03784
2025-08-20T11:08:27.444986,100.0,98.55290043845004,-1.4470995615499618,-1.4470995615499618,CAD->ETH->BTC->CAD,False,158240.2,5985.05,0.03784
2025-08-20T11:08:36.888936,100.0,0.14098448743278477,-99.85901551256721,-99.85901551256721,CAD->BTC->ETH->CAD,False,158240.2,5985.05,0.03784
2025-08-20T11:08:36.888941,100.0,98.55290043845004,-1.4470995615499618,-1.4470995615499618,CAD->ETH->BTC->CAD,False,158240.2,5985.05,0.03784
2025-08-20T11:08:46.900996,100.0,0.14098448743278477,-99.85901551256721,-99.85901551256721,CAD->BTC->ETH->CAD,False,158240.2,5985.05,0.03784
2025-08-20T11:08:46.901020,100.0,98.55290043845004,-1.4470995615499618,-1.4470995615499618,CAD->ETH->BTC->CAD,False,158240.2,5985.05,0.03784
2025-08-20T11:08:56.918933,100.0,0.1412301776448839,-99.85876982235511,-99.85876982235511,CAD->BTC->ETH->CAD,False,158240.2,5995.48,0.03784
2025-08-20T11:08:56.918950,100.0,98.38145348981989,-1.61854651018011,-1.6185465101801098,CAD->ETH->BTC->CAD,False,158240.2,5995.48,0.03784
2025-08-20T11:09:06.901252,100.0,0.1412301776448839,-99.85876982235511,-99.85876982235511,CAD->BTC->ETH->CAD,False,158240.2,5995.48,0.03784
2025-08-20T11:09:06.901260,100.0,98.38145348981989,-1.61854651018011,-1.6185465101801098,CAD->ETH->BTC->CAD,False,158240.2,5995.48,0.03784
2025-08-20T11:09:17.183329,100.0,0.1411322989961786,-99.85886770100382,-99.85886770100382,CAD->BTC->ETH->CAD,False,158406.2,5997.61,0.03784
2025-08-20T11:09:17.183365,100.0,98.44968339745789,-1.550316602542111,-1.550316602542111,CAD->ETH->BTC->CAD,False,158406.2,5997.61,0.03784
2025-08-20T11:09:26.921603,100.0,0.1411322989961786,-99.85886770100382,-99.85886770100382,CAD->BTC->ETH->CAD,False,158406.2,5997.61,0.03784
2025-08-20T11:09:26.921609,100.0,98.44968339745789,-1.550316602542111,-1.550316602542111,CAD->ETH->BTC->CAD,False,158406.2,5997.61,0.03784
2025-08-20T11:09:37.186444,100.0,0.14116959611536364,-99.85883040388464,-99.85883040388464,CAD->BTC->ETH->CAD,False,158406.2,5997.61,0.03785
2025-08-20T11:09:37.186466,100.0,98.47570075564961,-1.524299244350388,-1.524299244350388,CAD->ETH->BTC->CAD,False,158406.2,5997.61,0.03785
2025-08-20T11:09:46.914541,100.0,0.14115194288397873,-99.85884805711602,-99.85884805711602,CAD->BTC->ETH->CAD,False,158406.2,5996.86,0.03785
2025-08-20T11:09:46.914555,100.0,98.48801666356921,-1.511983336430788,-1.511983336430788,CAD->ETH->BTC->CAD,False,158406.2,5996.86,0.03785
2025-08-20T11:09:57.194428,100.0,0.1411606759678131,-99.85883932403219,-99.85883932403219,CAD->BTC->ETH->CAD,False,158396.4,5996.86,0.03785
2025-08-20T11:09:57.194485,100.0,98.48192357779791,-1.5180764222020855,-1.5180764222020855,CAD->ETH->BTC->CAD,False,158396.4,5996.86,0.03785
2025-08-20T11:10:06.927157,100.0,0.1411606759678131,-99.85883932403219,-99.85883932403219,CAD->BTC->ETH->CAD,False,158396.4,5996.86,0.03785
2025-08-20T11:10:06.927211,100.0,98.48192357779791,-1.5180764222020855,-1.5180764222020855,CAD->ETH->BTC->CAD,False,158396.4,5996.86,0.03785
2025-08-20T11:10:16.909854,100.0,0.1411606759678131,-99.85883932403219,-99.85883932403219,CAD->BTC->ETH->CAD,False,158396.4,5996.86,0.03785
2025-08-20T11:10:16.909906,100.0,98.48192357779791,-1.5180764222020855,-1.5180764222020855,CAD->ETH->BTC->CAD,False,158396.4,5996.86,0.03785
2025-08-20T11:10:26.959050,100.0,0.1411048883052624,-99.85889511169474,-99.85889511169474,CAD->BTC->ETH->CAD,False,158396.4,5994.49,0.03785
2025-08-20T11:10:26.959076,100.0,98.52085969394449,-1.4791403060555126,-1.4791403060555126,CAD->ETH->BTC->CAD,False,158396.4,5994.49,0.03785
2025-08-20T11:10:36.878945,100.0,0.1411704841624559,-99.85882951583754,-99.85882951583754,CAD->BTC->ETH->CAD,False,158322.8,5994.49,0.03785
2025-08-20T11:10:36.878967,100.0,98.47508128437535,-1.5249187156246506,-1.5249187156246506,CAD->ETH->BTC->CAD,False,158322.8,5994.49,0.03785
2025-08-20T11:10:46.763140,100.0,0.1410958894548403,-99.85890411054515,-99.85890411054515,CAD->BTC->ETH->CAD,False,158322.8,5994.49,0.03783
2025-08-20T11:10:46.763186,100.0,98.42304689532153,-1.5769531046784664,-1.5769531046784664,CAD->ETH->BTC->CAD,False,158322.8,5994.49,0.03783
2025-08-20T11:10:56.909421,100.0,0.1410958894548403,-99.85890411054515,-99.85890411054515,CAD->BTC->ETH->CAD,False,158322.8,5994.49,0.03783
2025-08-20T11:10:56.909434,100.0,98.42304689532153,-1.5769531046784664,-1.5769531046784664,CAD->ETH->BTC->CAD,False,158322.8,5994.49,0.03783
2025-08-20T11:11:06.923509,100.0,0.1413055400066928,-99.8586944599933,-99.8586944599933,CAD->BTC->ETH->CAD,False,158322.8,5998.64,0.03786
2025-08-20T11:11:06.923524,100.0,98.43295310616985,-1.5670468938301525,-1.5670468938301527,CAD->ETH->BTC->CAD,False,158322.8,5998.64,0.03786
2025-08-20T11:11:16.920568,100.0,0.1413055400066928,-99.8586944599933,-99.8586944599933,CAD->BTC->ETH->CAD,False,158322.8,5998.64,0.03786
2025-08-20T11:11:16.920588,100.0,98.43295310616985,-1.5670468938301525,-1.5670468938301527,CAD->ETH->BTC->CAD,False,158322.8,5998.64,0.03786
2025-08-20T11:11:26.939366,100.0,0.1415241612886235,-99.85847583871137,-99.85847583871137,CAD->BTC->ETH->CAD,False,158322.8,6001.58,0.0379
2025-08-20T11:11:26.939414,100.0,98.48867949281248,-1.51132050718752,-1.51132050718752,CAD->ETH->BTC->CAD,False,158322.8,6001.58,0.0379
2025-08-20T11:11:36.918044,100.0,0.14162461698980378,-99.8583753830102,-99.8583753830102,CAD->BTC->ETH->CAD,False,158322.8,6005.84,0.0379
2025-08-20T11:11:36.918062,100.0,98.41882052643315,-1.5811794735668485,-1.5811794735668485,CAD->ETH->BTC->CAD,False,158322.8,6005.84,0.0379
2025-08-20T11:11:46.781451,100.0,0.14162461698980378,-99.8583753830102,-99.8583753830102,CAD->BTC->ETH->CAD,False,158322.8,6005.84,0.0379
2025-08-20T11:11:46.781502,100.0,98.41882052643315,-1.5811794735668485,-1.5811794735668485,CAD->ETH->BTC->CAD,False,158322.8,6005.84,0.0379
2025-08-20T11:11:56.942265,100.0,0.14155952507994732,-99.85844047492006,-99.85844047492006,CAD->BTC->ETH->CAD,False,158395.6,6005.84,0.0379
2025-08-20T11:11:56.942282,100.0,98.46407547476862,-1.5359245252313798,-1.5359245252313798,CAD->ETH->BTC->CAD,False,158395.6,6005.84,0.0379
2025-08-20T11:12:06.927860,100.0,0.14155952507994732,-99.85844047492006,-99.85844047492006,CAD->BTC->ETH->CAD,False,158395.6,6005.84,0.0379
2025-08-20T11:12:06.927888,100.0,98.46407547476862,-1.5359245252313798,-1.5359245252313798,CAD->ETH->BTC->CAD,False,158395.6,6005.84,0.0379
2025-08-20T11:12:16.942927,100.0,0.14155952507994732,-99.85844047492006,-99.85844047492006,CAD->BTC->ETH->CAD,False,158395.6,6005.84,0.0379
2025-08-20T11:12:16.942931,100.0,98.46407547476862,-1.5359245252313798,-1.5359245252313798,CAD->ETH->BTC->CAD,False,158395.6,6005.84,0.0379
2025-08-20T11:12:26.937247,100.0,0.14155952507994732,-99.85844047492006,-99.85844047492006,CAD->BTC->ETH->CAD,False,158395.6,6005.84,0.0379
2025-08-20T11:12:26.937268,100.0,98.46407547476862,-1.5359245252313798,-1.5359245252313798,CAD->ETH->BTC->CAD,False,158395.6,6005.84,0.0379
2025-08-20T11:12:36.942382,100.0,0.14155952507994732,-99.85844047492006,-99.85844047492006,CAD->BTC->ETH->CAD,False,158395.6,6005.84,0.0379
2025-08-20T11:12:36.942413,100.0,98.46407547476862,-1.5359245252313798,-1.5359245252313798,CAD->ETH->BTC->CAD,False,158395.6,6005.84,0.0379
2025-08-20T11:12:47.037861,100.0,0.14155952507994732,-99.85844047492006,-99.85844047492006,CAD->BTC->ETH->CAD,False,158395.6,6005.84,0.0379
2025-08-20T11:12:47.037883,100.0,98.46407547476862,-1.5359245252313798,-1.5359245252313798,CAD->ETH->BTC->CAD,False,158395.6,6005.84,0.0379
2025-08-20T11:12:56.922012,100.0,0.14159832266778297,-99.85840167733221,-99.85840167733221,CAD->BTC->ETH->CAD,False,158352.2,6005.84,0.0379
2025-08-20T11:12:56.922046,100.0,98.43709656326095,-1.5629034367390489,-1.5629034367390489,CAD->ETH->BTC->CAD,False,158352.2,6005.84,0.0379
2025-08-20T11:13:06.924565,100.0,0.14159832266778297,-99.85840167733221,-99.85840167733221,CAD->BTC->ETH->CAD,False,158352.2,6005.84,0.0379
2025-08-20T11:13:06.924600,100.0,98.43709656326095,-1.5629034367390489,-1.5629034367390489,CAD->ETH->BTC->CAD,False,158352.2,6005.84,0.0379
2025-08-20T11:13:16.952323,100.0,0.14159832266778297,-99.85840167733221,-99.85840167733221,CAD->BTC->ETH->CAD,False,158352.2,6005.84,0.0379
2025-08-20T11:13:16.952364,100.0,98.43709656326095,-1.5629034367390489,-1.5629034367390489,CAD->ETH->BTC->CAD,False,158352.2,6005.84,0.0379
2025-08-20T11:13:26.986029,100.0,0.14159832266778297,-99.85840167733221,-99.85840167733221,CAD->BTC->ETH->CAD,False,158352.2,6005.84,0.0379
2025-08-20T11:13:26.986052,100.0,98.43709656326095,-1.5629034367390489,-1.5629034367390489,CAD->ETH->BTC->CAD,False,158352.2,6005.84,0.0379
2025-08-20T11:13:37.039631,100.0,0.14159832266778297,-99.85840167733221,-99.85840167733221,CAD->BTC->ETH->CAD,False,158352.2,6005.84,0.0379
2025-08-20T11:13:37.039667,100.0,98.43709656326095,-1.5629034367390489,-1.5629034367390489,CAD->ETH->BTC->CAD,False,158352.2,6005.84,0.0379
2025-08-20T11:13:46.939314,100.0,0.14159832266778297,-99.85840167733221,-99.85840167733221,CAD->BTC->ETH->CAD,False,158352.2,6005.84,0.0379
2025-08-20T11:13:46.939343,100.0,98.43709656326095,-1.5629034367390489,-1.5629034367390489,CAD->ETH->BTC->CAD,False,158352.2,6005.84,0.0379
2025-08-20T11:13:57.031437,100.0,0.14159832266778297,-99.85840167733221,-99.85840167733221,CAD->BTC->ETH->CAD,False,158352.2,6005.84,0.0379
2025-08-20T11:13:57.031441,100.0,98.43709656326095,-1.5629034367390489,-1.5629034367390489,CAD->ETH->BTC->CAD,False,158352.2,6005.84,0.0379
2025-08-20T11:14:06.933060,100.0,0.1413234175017602,-99.85867658249823,-99.85867658249823,CAD->BTC->ETH->CAD,False,158352.2,5994.18,0.0379
2025-08-20T11:14:06.933067,100.0,98.62857839162243,-1.3714216083775739,-1.3714216083775739,CAD->ETH->BTC->CAD,False,158352.2,5994.18,0.0379
2025-08-20T11:14:17.457102,100.0,0.1413234175017602,-99.85867658249823,-99.85867658249823,CAD->BTC->ETH->CAD,False,158352.2,5994.18,0.0379
2025-08-20T11:14:17.457130,100.0,98.62857839162243,-1.3714216083775739,-1.3714216083775739,CAD->ETH->BTC->CAD,False,158352.2,5994.18,0.0379
2025-08-20T11:14:27.014385,100.0,0.14116639619766824,-99.85883360380234,-99.85883360380234,CAD->BTC->ETH->CAD,False,158352.2,5987.52,0.0379
2025-08-20T11:14:27.014404,100.0,98.73828430193058,-1.2617156980694233,-1.2617156980694233,CAD->ETH->BTC->CAD,False,158352.2,5987.52,0.0379
2025-08-20T11:14:36.932836,100.0,0.14126640089315162,-99.85873359910684,-99.85873359910684,CAD->BTC->ETH->CAD,False,158240.1,5987.52,0.0379
2025-08-20T11:14:36.932864,100.0,98.66838592558818,-1.3316140744118172,-1.3316140744118172,CAD->ETH->BTC->CAD,False,158240.1,5987.52,0.0379
2025-08-20T11:14:46.923156,100.0,0.14111730706635145,-99.85888269293365,-99.85888269293365,CAD->BTC->ETH->CAD,False,158240.1,5987.52,0.03786
2025-08-20T11:14:46.923165,100.0,98.56425042593055,-1.4357495740694475,-1.4357495740694475,CAD->ETH->BTC->CAD,False,158240.1,5987.52,0.03786
2025-08-20T11:14:56.932018,100.0,0.14123065566300427,-99.85876934433699,-99.85876934433699,CAD->BTC->ETH->CAD,False,158113.1,5987.52,0.03786
2025-08-20T11:14:56.932029,100.0,98.48514494126458,-1.5148550587354208,-1.5148550587354208,CAD->ETH->BTC->CAD,False,158113.1,5987.52,0.03786
2025-08-20T11:15:07.045998,100.0,0.14123065566300427,-99.85876934433699,-99.85876934433699,CAD->BTC->ETH->CAD,False,158113.1,5987.52,0.03786
2025-08-20T11:15:07.046007,100.0,98.48514494126458,-1.5148550587354208,-1.5148550587354208,CAD->ETH->BTC->CAD,False,158113.1,5987.52,0.03786
2025-08-20T11:15:17.046910,100.0,0.1411745174020084,-99.858825482598,-99.858825482598,CAD->BTC->ETH->CAD,False,158113.1,5985.14,0.03786
2025-08-20T11:15:17.046920,100.0,98.52430770854491,-1.4756922914550898,-1.4756922914550898,CAD->ETH->BTC->CAD,False,158113.1,5985.14,0.03786
2025-08-20T11:15:26.949047,100.0,0.1411745174020084,-99.858825482598,-99.858825482598,CAD->BTC->ETH->CAD,False,158113.1,5985.14,0.03786
2025-08-20T11:15:26.949066,100.0,98.52430770854491,-1.4756922914550898,-1.4756922914550898,CAD->ETH->BTC->CAD,False,158113.1,5985.14,0.03786
2025-08-20T11:15:37.038915,100.0,0.1411745174020084,-99.858825482598,-99.858825482598,CAD->BTC->ETH->CAD,False,158113.1,5985.14,0.03786
2025-08-20T11:15:37.038927,100.0,98.52430770854491,-1.4756922914550898,-1.4756922914550898,CAD->ETH->BTC->CAD,False,158113.1,5985.14,0.03786
2025-08-20T11:38:55.532272,100.0,0.14104124934304285,-99.85895875065695,-99.85895875065695,CAD->BTC->ETH->CAD,False,158205.1,5984.55,0.03785
2025-08-20T11:38:55.532288,100.0,98.56531310950274,-1.434686890497261,-1.434686890497261,CAD->ETH->BTC->CAD,False,158205.1,5984.55,0.03785
2025-08-20T11:39:00.518130,100.0,0.14104124934304285,-99.85895875065695,-99.85895875065695,CAD->BTC->ETH->CAD,False,158205.1,5984.55,0.03785
2025-08-20T11:39:00.518138,100.0,98.56531310950274,-1.434686890497261,-1.434686890497261,CAD->ETH->BTC->CAD,False,158205.1,5984.55,0.03785
2025-08-20T11:39:05.526548,100.0,0.14104124934304285,-99.85895875065695,-99.85895875065695,CAD->BTC->ETH->CAD,False,158205.1,5984.55,0.03785
2025-08-20T11:39:05.526585,100.0,98.56531310950274,-1.434686890497261,-1.434686890497261,CAD->ETH->BTC->CAD,False,158205.1,5984.55,0.03785
2025-08-20T11:39:10.688479,100.0,0.14096123726311482,-99.85903876273689,-99.85903876273689,CAD->BTC->ETH->CAD,False,158294.9,5984.55,0.03785
2025-08-20T11:39:10.688507,100.0,98.62126051649045,-1.3787394835095483,-1.3787394835095483,CAD->ETH->BTC->CAD,False,158294.9,5984.55,0.03785
2025-08-20T11:39:15.640514,100.0,0.14096123726311482,-99.85903876273689,-99.85903876273689,CAD->BTC->ETH->CAD,False,158294.9,5984.55,0.03785
2025-08-20T11:39:15.640534,100.0,98.62126051649045,-1.3787394835095483,-1.3787394835095483,CAD->ETH->BTC->CAD,False,158294.9,5984.55,0.03785
2025-08-20T11:39:20.566255,100.0,0.14096123726311482,-99.85903876273689,-99.85903876273689,CAD->BTC->ETH->CAD,False,158294.9,5984.55,0.03785
2025-08-20T11:39:20.566272,100.0,98.62126051649045,-1.3787394835095483,-1.3787394835095483,CAD->ETH->BTC->CAD,False,158294.9,5984.55,0.03785
2025-08-20T11:39:25.630873,100.0,0.14096123726311482,-99.85903876273689,-99.85903876273689,CAD->BTC->ETH->CAD,False,158294.9,5984.55,0.03785
2025-08-20T11:39:25.630889,100.0,98.62126051649045,-1.3787394835095483,-1.3787394835095483,CAD->ETH->BTC->CAD,False,158294.9,5984.55,0.03785
2025-08-20T11:39:30.682000,100.0,0.14096123726311482,-99.85903876273689,-99.85903876273689,CAD->BTC->ETH->CAD,False,158294.9,5984.55,0.03785
2025-08-20T11:39:30.682009,100.0,98.62126051649045,-1.3787394835095483,-1.3787394835095483,CAD->ETH->BTC->CAD,False,158294.9,5984.55,0.03785
2025-08-20T11:39:35.648962,100.0,0.14096123726311482,-99.85903876273689,-99.85903876273689,CAD->BTC->ETH->CAD,False,158294.9,5984.55,0.03785
2025-08-20T11:39:35.648984,100.0,98.62126051649045,-1.3787394835095483,-1.3787394835095483,CAD->ETH->BTC->CAD,False,158294.9,5984.55,0.03785
2025-08-20T11:39:40.522717,100.0,0.14096123726311482,-99.85903876273689,-99.85903876273689,CAD->BTC->ETH->CAD,False,158294.9,5984.55,0.03785
2025-08-20T11:39:40.522760,100.0,98.62126051649045,-1.3787394835095483,-1.3787394835095483,CAD->ETH->BTC->CAD,False,158294.9,5984.55,0.03785
2025-08-20T11:39:45.528884,100.0,0.14096123726311482,-99.85903876273689,-99.85903876273689,CAD->BTC->ETH->CAD,False,158294.9,5984.55,0.03785
2025-08-20T11:39:45.528919,100.0,98.62126051649045,-1.3787394835095483,-1.3787394835095483,CAD->ETH->BTC->CAD,False,158294.9,5984.55,0.03785
2025-08-20T11:39:50.559163,100.0,0.14096123726311482,-99.85903876273689,-99.85903876273689,CAD->BTC->ETH->CAD,False,158294.9,5984.55,0.03785
2025-08-20T11:39:50.559170,100.0,98.62126051649045,-1.3787394835095483,-1.3787394835095483,CAD->ETH->BTC->CAD,False,158294.9,5984.55,0.03785
2025-08-20T11:39:55.523634,100.0,0.14096123726311482,-99.85903876273689,-99.85903876273689,CAD->BTC->ETH->CAD,False,158294.9,5984.55,0.03785
2025-08-20T11:39:55.523641,100.0,98.62126051649045,-1.3787394835095483,-1.3787394835095483,CAD->ETH->BTC->CAD,False,158294.9,5984.55,0.03785
2025-08-20T11:40:00.382341,100.0,0.14096123726311482,-99.85903876273689,-99.85903876273689,CAD->BTC->ETH->CAD,False,158294.9,5984.55,0.03785
2025-08-20T11:40:00.382345,100.0,98.62126051649045,-1.3787394835095483,-1.3787394835095483,CAD->ETH->BTC->CAD,False,158294.9,5984.55,0.03785
2025-08-20T11:40:05.528878,100.0,0.14096123726311482,-99.85903876273689,-99.85903876273689,CAD->BTC->ETH->CAD,False,158294.9,5984.55,0.03785
2025-08-20T11:40:05.528884,100.0,98.62126051649045,-1.3787394835095483,-1.3787394835095483,CAD->ETH->BTC->CAD,False,158294.9,5984.55,0.03785
2025-08-20T11:40:10.520247,100.0,0.14096123726311482,-99.85903876273689,-99.85903876273689,CAD->BTC->ETH->CAD,False,158294.9,5984.55,0.03785
2025-08-20T11:40:10.520252,100.0,98.62126051649045,-1.3787394835095483,-1.3787394835095483,CAD->ETH->BTC->CAD,False,158294.9,5984.55,0.03785
2025-08-20T11:40:15.379193,100.0,0.14109690940665703,-99.85890309059334,-99.85890309059334,CAD->BTC->ETH->CAD,False,158294.9,5990.31,0.03785
2025-08-20T11:40:15.379221,100.0,98.52643095665549,-1.4735690433445114,-1.4735690433445114,CAD->ETH->BTC->CAD,False,158294.9,5990.31,0.03785
2025-08-20T11:40:20.532706,100.0,0.14109690940665703,-99.85890309059334,-99.85890309059334,CAD->BTC->ETH->CAD,False,158294.9,5990.31,0.03785
2025-08-20T11:40:20.532720,100.0,98.52643095665549,-1.4735690433445114,-1.4735690433445114,CAD->ETH->BTC->CAD,False,158294.9,5990.31,0.03785
2025-08-20T11:40:25.522886,100.0,0.1411238334564551,-99.85887616654354,-99.85887616654354,CAD->BTC->ETH->CAD,False,158264.7,5990.31,0.03785
2025-08-20T11:40:25.522891,100.0,98.50763377358206,-1.4923662264179427,-1.4923662264179427,CAD->ETH->BTC->CAD,False,158264.7,5990.31,0.03785
2025-08-20T11:40:30.522210,100.0,0.1411315916289798,-99.85886840837102,-99.85886840837102,CAD->BTC->ETH->CAD,False,158256.0,5990.31,0.03785
2025-08-20T11:40:30.522214,100.0,98.50221869104102,-1.4977813089589773,-1.4977813089589773,CAD->ETH->BTC->CAD,False,158256.0,5990.31,0.03785
2025-08-20T11:40:35.534137,100.0,0.1411315916289798,-99.85886840837102,-99.85886840837102,CAD->BTC->ETH->CAD,False,158256.0,5990.31,0.03785
2025-08-20T11:40:35.534149,100.0,98.50221869104102,-1.4977813089589773,-1.4977813089589773,CAD->ETH->BTC->CAD,False,158256.0,5990.31,0.03785
2025-08-20T11:40:40.532225,100.0,0.1410514649563761,-99.85894853504362,-99.85894853504362,CAD->BTC->ETH->CAD,False,158345.9,5990.31,0.03785
2025-08-20T11:40:40.532233,100.0,98.55817454396492,-1.441825456035076,-1.441825456035076,CAD->ETH->BTC->CAD,False,158345.9,5990.31,0.03785
2025-08-20T11:40:45.807458,100.0,0.1410514649563761,-99.85894853504362,-99.85894853504362,CAD->BTC->ETH->CAD,False,158345.9,5990.31,0.03785
2025-08-20T11:40:45.807465,100.0,98.55817454396492,-1.441825456035076,-1.441825456035076,CAD->ETH->BTC->CAD,False,158345.9,5990.31,0.03785
2025-08-20T11:40:50.530919,100.0,0.14101779331085398,-99.85898220668915,-99.85898220668915,CAD->BTC->ETH->CAD,False,158345.9,5988.88,0.03785
2025-08-20T11:40:50.530924,100.0,98.5817078573053,-1.4182921426946962,-1.4182921426946962,CAD->ETH->BTC->CAD,False,158345.9,5988.88,0.03785
2025-08-20T11:40:55.596598,100.0,0.14112540129689322,-99.85887459870311,-99.85887459870311,CAD->BTC->ETH->CAD,False,158345.9,5993.45,0.03785
2025-08-20T11:40:55.596605,100.0,98.50653939758548,-1.4934606024145154,-1.4934606024145154,CAD->ETH->BTC->CAD,False,158345.9,5993.45,0.03785
2025-08-20T11:41:00.528059,100.0,0.14112540129689322,-99.85887459870311,-99.85887459870311,CAD->BTC->ETH->CAD,False,158345.9,5993.45,0.03785
2025-08-20T11:41:00.528065,100.0,98.50653939758548,-1.4934606024145154,-1.4934606024145154,CAD->ETH->BTC->CAD,False,158345.9,5993.45,0.03785
2025-08-20T11:41:05.519532,100.0,0.14112540129689322,-99.85887459870311,-99.85887459870311,CAD->BTC->ETH->CAD,False,158345.9,5993.45,0.03785
2025-08-20T11:41:05.519540,100.0,98.50653939758548,-1.4934606024145154,-1.4934606024145154,CAD->ETH->BTC->CAD,False,158345.9,5993.45,0.03785
2025-08-20T11:41:10.676675,100.0,0.14112540129689322,-99.85887459870311,-99.85887459870311,CAD->BTC->ETH->CAD,False,158345.9,5993.45,0.03785
2025-08-20T11:41:10.676682,100.0,98.50653939758548,-1.4934606024145154,-1.4934606024145154,CAD->ETH->BTC->CAD,False,158345.9,5993.45,0.03785
2025-08-20T11:41:15.528299,100.0,0.14112540129689322,-99.85887459870311,-99.85887459870311,CAD->BTC->ETH->CAD,False,158345.9,5993.45,0.03785
2025-08-20T11:41:15.528306,100.0,98.50653939758548,-1.4934606024145154,-1.4934606024145154,CAD->ETH->BTC->CAD,False,158345.9,5993.45,0.03785
2025-08-20T11:41:20.655534,100.0,0.14112540129689322,-99.85887459870311,-99.85887459870311,CAD->BTC->ETH->CAD,False,158345.9,5993.45,0.03785
2025-08-20T11:41:20.655540,100.0,98.50653939758548,-1.4934606024145154,-1.4934606024145154,CAD->ETH->BTC->CAD,False,158345.9,5993.45,0.03785
2025-08-20T11:45:28.863936,100.0,0.14298930872091478,-99.85701069127909,-99.85701069127909,CAD->BTC->ETH->CAD,False,158573.0,6043.0,0.03809
2025-08-20T11:45:28.863967,100.0,98.4593270703633,-1.540672929636699,-1.540672929636699,CAD->ETH->BTC->CAD,False,158573.0,6043.0,0.03809
2025-08-20T11:45:38.834313,100.0,0.14295176886564545,-99.85704823113436,-99.85704823113436,CAD->BTC->ETH->CAD,False,158573.0,6043.0,0.03808
2025-08-20T11:45:38.834325,100.0,98.43347794275229,-1.5665220572477097,-1.5665220572477097,CAD->ETH->BTC->CAD,False,158573.0,6043.0,0.03808
2025-08-20T11:45:48.841525,100.0,0.14317552845608497,-99.85682447154392,-99.85682447154392,CAD->BTC->ETH->CAD,False,158573.0,6050.87,0.03809
2025-08-20T11:45:48.841558,100.0,98.33126698907849,-1.668733010921514,-1.6687330109215142,CAD->ETH->BTC->CAD,False,158573.0,6050.87,0.03809
2025-08-20T11:45:58.842083,100.0,0.14317552845608497,-99.85682447154392,-99.85682447154392,CAD->BTC->ETH->CAD,False,158573.0,6050.87,0.03809
2025-08-20T11:45:58.842106,100.0,98.33126698907849,-1.668733010921514,-1.6687330109215142,CAD->ETH->BTC->CAD,False,158573.0,6050.87,0.03809
2025-08-20T11:46:08.824990,100.0,0.14317552845608497,-99.85682447154392,-99.85682447154392,CAD->BTC->ETH->CAD,False,158573.0,6050.87,0.03809
2025-08-20T11:46:08.824996,100.0,98.33126698907849,-1.668733010921514,-1.6687330109215142,CAD->ETH->BTC->CAD,False,158573.0,6050.87,0.03809
2025-08-20T11:46:19.102903,100.0,0.14317552845608497,-99.85682447154392,-99.85682447154392,CAD->BTC->ETH->CAD,False,158573.0,6050.87,0.03809
2025-08-20T11:46:19.102915,100.0,98.33126698907849,-1.668733010921514,-1.6687330109215142,CAD->ETH->BTC->CAD,False,158573.0,6050.87,0.03809
2025-08-20T11:46:29.095853,100.0,0.14265568148049879,-99.8573443185195,-99.8573443185195,CAD->BTC->ETH->CAD,False,158741.4,6040.06,0.03806
2025-08-20T11:46:29.095891,100.0,98.53419652874454,-1.4658034712554553,-1.4658034712554553,CAD->ETH->BTC->CAD,False,158741.4,6040.06,0.03806
2025-08-20T11:46:38.823923,100.0,0.1426664617662173,-99.85733353823379,-99.85733353823379,CAD->BTC->ETH->CAD,False,158687.7,6040.06,0.03805
2025-08-20T11:46:38.823928,100.0,98.47498336921325,-1.5250166307867516,-1.5250166307867516,CAD->ETH->BTC->CAD,False,158687.7,6040.06,0.03805
2025-08-20T11:46:48.823330,100.0,0.14259445683321637,-99.85740554316678,-99.85740554316678,CAD->BTC->ETH->CAD,False,158687.7,6033.84,0.03807
2025-08-20T11:46:48.823356,100.0,98.6283107575828,-1.3716892424172045,-1.3716892424172045,CAD->ETH->BTC->CAD,False,158687.7,6033.84,0.03807
2025-08-20T11:46:58.859311,100.0,0.14259445683321637,-99.85740554316678,-99.85740554316678,CAD->BTC->ETH->CAD,False,158687.7,6033.84,0.03807
2025-08-20T11:46:58.859337,100.0,98.6283107575828,-1.3716892424172045,-1.3716892424172045,CAD->ETH->BTC->CAD,False,158687.7,6033.84,0.03807
2025-08-20T11:47:08.837271,100.0,0.14251954511436518,-99.85748045488563,-99.85748045488563,CAD->BTC->ETH->CAD,False,158687.7,6033.84,0.03805
2025-08-20T11:47:08.837322,100.0,98.57649656753414,-1.4235034324658642,-1.4235034324658642,CAD->ETH->BTC->CAD,False,158687.7,6033.84,0.03805
2025-08-20T11:47:19.391271,100.0,0.14251954511436518,-99.85748045488563,-99.85748045488563,CAD->BTC->ETH->CAD,False,158687.7,6033.84,0.03805
2025-08-20T11:47:19.391275,100.0,98.57649656753414,-1.4235034324658642,-1.4235034324658642,CAD->ETH->BTC->CAD,False,158687.7,6033.84,0.03805
2025-08-20T11:47:28.838838,100.0,0.14265375971527938,-99.85734624028473,-99.85734624028473,CAD->BTC->ETH->CAD,False,158538.4,6033.84,0.03805
2025-08-20T11:47:28.838868,100.0,98.48375169230098,-1.5162483076990156,-1.5162483076990156,CAD->ETH->BTC->CAD,False,158538.4,6033.84,0.03805
2025-08-20T11:47:38.839828,100.0,0.14256841106954596,-99.85743158893045,-99.85743158893045,CAD->BTC->ETH->CAD,False,158538.4,6030.23,0.03805
2025-08-20T11:47:38.839858,100.0,98.54270903615178,-1.457290963848223,-1.457290963848223,CAD->ETH->BTC->CAD,False,158538.4,6030.23,0.03805
2025-08-20T11:47:48.847862,100.0,0.14264501892219605,-99.8573549810778,-99.8573549810778,CAD->BTC->ETH->CAD,False,158494.9,6030.23,0.03806
2025-08-20T11:47:48.847866,100.0,98.54156185158051,-1.4584381484194893,-1.4584381484194893,CAD->ETH->BTC->CAD,False,158494.9,6030.23,0.03806
2025-08-20T11:47:58.838567,100.0,0.14261109708395356,-99.85738890291604,-99.85738890291604,CAD->BTC->ETH->CAD,False,158532.6,6030.23,0.03806
2025-08-20T11:47:58.838576,100.0,98.56500119809454,-1.434998801905465,-1.434998801905465,CAD->ETH->BTC->CAD,False,158532.6,6030.23,0.03806
2025-08-20T11:53:15.919807,100.0,0.14271420681434835,-99.85728579318565,-99.85728579318565,CAD->BTC->ETH->CAD,False,158565.8,6037.44,0.03805
2025-08-20T11:53:15.919829,100.0,98.44203855646042,-1.5579614435395825,-1.5579614435395825,CAD->ETH->BTC->CAD,False,158565.8,6037.44,0.03805
2025-08-20T11:53:35.950600,100.0,0.14267669979547468,-99.85732330020453,-99.85732330020453,CAD->BTC->ETH->CAD,False,158565.8,6037.44,0.03804
2025-08-20T11:53:35.950667,100.0,98.41616679862692,-1.583833201373082,-1.5838332013730818,CAD->ETH->BTC->CAD,False,158565.8,6037.44,0.03804
2025-08-20T11:53:55.967239,100.0,0.14267669979547468,-99.85732330020453,-99.85732330020453,CAD->BTC->ETH->CAD,False,158565.8,6037.44,0.03804
2025-08-20T11:53:55.967341,100.0,98.41616679862692,-1.583833201373082,-1.5838332013730818,CAD->ETH->BTC->CAD,False,158565.8,6037.44,0.03804
2025-08-20T11:54:16.062375,100.0,0.14258488013944706,-99.85741511986055,-99.85741511986055,CAD->BTC->ETH->CAD,False,158626.2,6037.44,0.03803
2025-08-20T11:54:16.062395,100.0,98.42777332312458,-1.5722266768754167,-1.5722266768754167,CAD->ETH->BTC->CAD,False,158626.2,6037.44,0.03803
2025-08-20T11:54:26.988768,100.0,0.1426235417291313,-99.85737645827086,-99.85737645827086,CAD->BTC->ETH->CAD,False,158624.9,6037.44,0.03804
2025-08-20T11:54:26.988779,100.0,98.45284807200238,-1.5471519279976178,-1.5471519279976178,CAD->ETH->BTC->CAD,False,158624.9,6037.44,0.03804
2025-08-20T11:54:41.138346,100.0,0.14247599359711313,-99.85752400640288,-99.85752400640288,CAD->BTC->ETH->CAD,False,158624.9,6032.78,0.03803
2025-08-20T11:54:41.138356,100.0,98.50299624058736,-1.4970037594126353,-1.4970037594126353,CAD->ETH->BTC->CAD,False,158624.9,6032.78,0.03803
2025-08-20T11:54:46.685482,100.0,0.14249818245338094,-99.85750181754662,-99.85750181754662,CAD->BTC->ETH->CAD,False,158600.2,6032.78,0.03803
2025-08-20T11:54:46.685491,100.0,98.48765801810691,-1.512341981893087,-1.512341981893087,CAD->ETH->BTC->CAD,False,158600.2,6032.78,0.03803
2025-08-20T11:54:56.078863,100.0,0.1425345799515432,-99.85746542004846,-99.85746542004846,CAD->BTC->ETH->CAD,False,158559.7,6032.78,0.03803
2025-08-20T11:54:56.078876,100.0,98.46250830108428,-1.5374916989157157,-1.5374916989157157,CAD->ETH->BTC->CAD,False,158559.7,6032.78,0.03803
2025-08-20T11:55:06.589805,100.0,0.14257801165558256,-99.85742198834441,-99.85742198834441,CAD->BTC->ETH->CAD,False,158511.4,6032.78,0.03803
2025-08-20T11:55:06.589838,100.0,98.43251493485727,-1.5674850651427334,-1.5674850651427332,CAD->ETH->BTC->CAD,False,158511.4,6032.78,0.03803
2025-08-20T11:55:16.143232,100.0,0.14260347151679076,-99.8573965284832,-99.8573965284832,CAD->BTC->ETH->CAD,False,158483.1,6032.78,0.03803
2025-08-20T11:55:16.143241,100.0,98.4149411819748,-1.5850588180252032,-1.585058818025203,CAD->ETH->BTC->CAD,False,158483.1,6032.78,0.03803
2025-08-20T11:55:26.589480,100.0,0.14260347151679076,-99.8573965284832,-99.8573965284832,CAD->BTC->ETH->CAD,False,158483.1,6032.78,0.03803
2025-08-20T11:55:26.589501,100.0,98.4149411819748,-1.5850588180252032,-1.585058818025203,CAD->ETH->BTC->CAD,False,158483.1,6032.78,0.03803
2025-08-20T11:55:36.045457,100.0,0.14261876979835245,-99.85738123020165,-99.85738123020165,CAD->BTC->ETH->CAD,False,158466.1,6032.78,0.03803
2025-08-20T11:55:36.045486,100.0,98.40438451063197,-1.5956154893680292,-1.5956154893680292,CAD->ETH->BTC->CAD,False,158466.1,6032.78,0.03803
2025-08-20T11:55:51.602484,100.0,0.14264064304206786,-99.85735935695793,-99.85735935695793,CAD->BTC->ETH->CAD,False,158441.8,6032.78,0.03803
2025-08-20T11:55:51.602571,100.0,98.38929468041836,-1.6107053195816405,-1.6107053195816405,CAD->ETH->BTC->CAD,False,158441.8,6032.78,0.03803
2025-08-20T11:55:55.938525,100.0,0.14264064304206786,-99.85735935695793,-99.85735935695793,CAD->BTC->ETH->CAD,False,158441.8,6032.78,0.03803
2025-08-20T11:55:55.938548,100.0,98.38929468041836,-1.6107053195816405,-1.6107053195816405,CAD->ETH->BTC->CAD,False,158441.8,6032.78,0.03803
2025-08-20T11:56:06.588549,100.0,0.14269612133803786,-99.85730387866197,-99.85730387866197,CAD->BTC->ETH->CAD,False,158380.2,6032.78,0.03803
2025-08-20T11:56:06.588554,100.0,98.3510422713173,-1.6489577286827029,-1.6489577286827029,CAD->ETH->BTC->CAD,False,158380.2,6032.78,0.03803
2025-08-20T11:56:20.979249,100.0,0.14268648158917405,-99.85731351841082,-99.85731351841082,CAD->BTC->ETH->CAD,False,158390.9,6032.78,0.03803
2025-08-20T11:56:20.979254,100.0,98.35768676445659,-1.642313235543412,-1.642313235543412,CAD->ETH->BTC->CAD,False,158390.9,6032.78,0.03803
2025-08-20T11:56:26.713259,100.0,0.14268648158917405,-99.85731351841082,-99.85731351841082,CAD->BTC->ETH->CAD,False,158390.9,6032.78,0.03803
2025-08-20T11:56:26.713264,100.0,98.35768676445659,-1.642313235543412,-1.642313235543412,CAD->ETH->BTC->CAD,False,158390.9,6032.78,0.03803
2025-08-20T11:56:35.934827,100.0,0.14268648158917405,-99.85731351841082,-99.85731351841082,CAD->BTC->ETH->CAD,False,158390.9,6032.78,0.03803
2025-08-20T11:56:35.934832,100.0,98.35768676445659,-1.642313235543412,-1.642313235543412,CAD->ETH->BTC->CAD,False,158390.9,6032.78,0.03803
2025-08-20T11:56:46.608786,100.0,0.14267855454740574,-99.8573214454526,-99.8573214454526,CAD->BTC->ETH->CAD,False,158399.7,6032.78,0.03803
2025-08-20T11:56:46.608798,100.0,98.36315139432818,-1.6368486056718154,-1.6368486056718157,CAD->ETH->BTC->CAD,False,158399.7,6032.78,0.03803
2025-08-20T11:56:56.021472,100.0,0.14267855454740574,-99.8573214454526,-99.8573214454526,CAD->BTC->ETH->CAD,False,158399.7,6032.78,0.03803
2025-08-20T11:56:56.021479,100.0,98.36315139432818,-1.6368486056718154,-1.6368486056718157,CAD->ETH->BTC->CAD,False,158399.7,6032.78,0.03803
2025-08-20T12:00:49.258990,100.0,0.14224975617671276,-99.85775024382329,-99.85775024382329,CAD->BTC->ETH->CAD,False,158559.1,6023.87,0.03801
2025-08-20T12:00:49.259012,100.0,98.55591470492227,-1.444085295077727,-1.444085295077727,CAD->ETH->BTC->CAD,False,158559.1,6023.87,0.03801
2025-08-20T12:01:34.253081,100.0,0.14220841300892825,-99.85779158699107,-99.85779158699107,CAD->BTC->ETH->CAD,False,158469.6,6018.72,0.03801
2025-08-20T12:01:34.253128,100.0,98.58456711466084,-1.4154328853391576,-1.4154328853391576,CAD->ETH->BTC->CAD,False,158469.6,6018.72,0.03801
2025-08-20T12:02:19.151283,100.0,0.14209617274609565,-99.8579038272539,-99.8579038272539,CAD->BTC->ETH->CAD,False,158469.6,6018.72,0.03798
2025-08-20T12:02:19.151288,100.0,98.50675766942432,-1.4932423305756828,-1.4932423305756828,CAD->ETH->BTC->CAD,False,158469.6,6018.72,0.03798
2025-08-20T12:03:04.164706,100.0,0.14167317683424138,-99.85832682316575,-99.85832682316575,CAD->BTC->ETH->CAD,False,158287.0,6001.79,0.03793
2025-08-20T12:03:04.164713,100.0,98.54090292754348,-1.4590970724565153,-1.4590970724565153,CAD->ETH->BTC->CAD,False,158287.0,6001.79,0.03793
2025-08-20T12:03:54.167079,100.0,0.14151542379336274,-99.85848457620664,-99.85848457620664,CAD->BTC->ETH->CAD,False,158053.9,5994.18,0.03788
2025-08-20T12:03:54.167109,100.0,98.3908355899336,-1.6091644100663984,-1.6091644100663982,CAD->ETH->BTC->CAD,False,158053.9,5994.18,0.03788
2025-08-20T12:04:34.267079,100.0,0.14120991404771166,-99.8587900859523,-99.8587900859523,CAD->BTC->ETH->CAD,False,158087.2,5985.66,0.03786
2025-08-20T12:04:34.267091,100.0,98.49961092973416,-1.5003890702658396,-1.5003890702658396,CAD->ETH->BTC->CAD,False,158087.2,5985.66,0.03786
2025-08-20T12:05:19.293125,100.0,0.14086017193928307,-99.85913982806072,-99.85913982806072,CAD->BTC->ETH->CAD,False,158087.2,5977.15,0.03782
2025-08-20T12:05:19.293174,100.0,98.53563491673395,-1.4643650832660455,-1.4643650832660455,CAD->ETH->BTC->CAD,False,158087.2,5977.15,0.03782
2025-08-20T12:06:04.517266,100.0,0.14075888162360467,-99.85924111837639,-99.85924111837639,CAD->BTC->ETH->CAD,False,158034.5,5974.02,0.0378
2025-08-20T12:06:04.517287,100.0,98.50227852592539,-1.4977214740746092,-1.4977214740746092,CAD->ETH->BTC->CAD,False,158034.5,5974.02,0.0378
2025-08-20T12:06:49.403725,100.0,0.14047305155852782,-99.85952694844147,-99.85952694844147,CAD->BTC->ETH->CAD,False,157919.2,5965.43,0.03775
2025-08-20T12:06:49.403759,100.0,98.4417622292739,-1.5582377707260946,-1.5582377707260946,CAD->ETH->BTC->CAD,False,157919.2,5965.43,0.03775
2025-08-20T12:07:39.335474,100.0,0.14020817820719364,-99.85979182179281,-99.85979182179281,CAD->BTC->ETH->CAD,False,157951.3,5956.97,0.03774
2025-08-20T12:07:39.335490,100.0,98.57548664991418,-1.4245133500858174,-1.4245133500858174,CAD->ETH->BTC->CAD,False,157951.3,5956.97,0.03774
2025-08-20T12:08:19.311497,100.0,0.14024942332733478,-99.85975057667267,-99.85975057667267,CAD->BTC->ETH->CAD,False,157917.6,5959.03,0.03773
2025-08-20T12:08:19.311549,100.0,98.4942801903954,-1.5057198096045994,-1.5057198096045994,CAD->ETH->BTC->CAD,False,157917.6,5959.03,0.03773
2025-08-20T12:09:04.382502,100.0,0.1405689685830581,-99.85943103141695,-99.85943103141695,CAD->BTC->ETH->CAD,False,157917.6,5959.97,0.03781
2025-08-20T12:09:04.382553,100.0,98.68755308560519,-1.3124469143948119,-1.3124469143948119,CAD->ETH->BTC->CAD,False,157917.6,5959.97,0.03781
2025-08-20T12:09:49.166235,100.0,0.14070324100373355,-99.85929675899627,-99.85929675899627,CAD->BTC->ETH->CAD,False,157766.9,5959.97,0.03781
2025-08-20T12:09:49.166257,100.0,98.59337603219251,-1.4066239678074908,-1.4066239678074908,CAD->ETH->BTC->CAD,False,157766.9,5959.97,0.03781
2025-08-20T12:10:34.228029,100.0,0.1407010557141988,-99.8592989442858,-99.8592989442858,CAD->BTC->ETH->CAD,False,157766.9,5964.61,0.03778
2025-08-20T12:10:34.228037,100.0,98.43851093746221,-1.5614890625377882,-1.5614890625377882,CAD->ETH->BTC->CAD,False,157766.9,5964.61,0.03778
2025-08-20T12:11:24.274275,100.0,0.1407010557141988,-99.8592989442858,-99.8592989442858,CAD->BTC->ETH->CAD,False,157766.9,5964.61,0.03778
2025-08-20T12:11:24.274280,100.0,98.43851093746221,-1.5614890625377882,-1.5614890625377882,CAD->ETH->BTC->CAD,False,157766.9,5964.61,0.03778
2025-08-20T12:12:04.154509,100.0,0.14102879594670165,-99.8589712040533,-99.8589712040533,CAD->BTC->ETH->CAD,False,157766.9,5973.76,0.03781
2025-08-20T12:12:04.154516,100.0,98.3657802373357,-1.6342197626643014,-1.6342197626643014,CAD->ETH->BTC->CAD,False,157766.9,5973.76,0.03781
2025-08-20T12:12:49.163892,100.0,0.1407020777680968,-99.8592979222319,-99.8592979222319,CAD->BTC->ETH->CAD,False,157821.8,5965.15,0.03779
2025-08-20T12:12:49.163921,100.0,98.48991384283583,-1.5100861571641673,-1.5100861571641673,CAD->ETH->BTC->CAD,False,157821.8,5965.15,0.03779
2025-08-20T12:13:34.191235,100.0,0.14056763406003328,-99.85943236593997,-99.85943236593997,CAD->BTC->ETH->CAD,False,157845.1,5960.33,0.03779
2025-08-20T12:13:34.191256,100.0,98.5841129756051,-1.4158870243949053,-1.4158870243949053,CAD->ETH->BTC->CAD,False,157845.1,5960.33,0.03779
2025-08-20T12:14:24.286658,100.0,0.14053043701476736,-99.85946956298524,-99.85946956298524,CAD->BTC->ETH->CAD,False,157845.1,5960.33,0.03778
2025-08-20T12:14:24.286666,100.0,98.55802562102042,-1.4419743789795803,-1.4419743789795803,CAD->ETH->BTC->CAD,False,157845.1,5960.33,0.03778
2025-08-20T12:15:09.453665,100.0,0.14051825145604177,-99.85948174854396,-99.85948174854396,CAD->BTC->ETH->CAD,False,157750.2,5956.23,0.03778
2025-08-20T12:15:09.453704,100.0,98.56657244391808,-1.4334275560819236,-1.4334275560819236,CAD->ETH->BTC->CAD,False,157750.2,5956.23,0.03778
2025-08-20T12:15:49.172635,100.0,0.1400488555863723,-99.85995114441363,-99.85995114441363,CAD->BTC->ETH->CAD,False,157716.6,5952.4,0.03767
2025-08-20T12:15:49.172654,100.0,98.32187694620843,-1.6781230537915661,-1.6781230537915661,CAD->ETH->BTC->CAD,False,157716.6,5952.4,0.03767
2025-08-20T12:16:34.462620,100.0,0.13984133745817667,-99.86015866254182,-99.86015866254182,CAD->BTC->ETH->CAD,False,157716.6,5943.58,0.03767
2025-08-20T12:16:34.462625,100.0,98.4677821001166,-1.5322178998834062,-1.5322178998834062,CAD->ETH->BTC->CAD,False,157716.6,5943.58,0.03767
2025-08-20T12:17:19.323823,100.0,0.13991096028808142,-99.86008903971192,-99.86008903971192,CAD->BTC->ETH->CAD,False,157665.7,5944.62,0.03767
2025-08-20T12:17:19.323827,100.0,98.41878232461555,-1.5812176753844511,-1.5812176753844511,CAD->ETH->BTC->CAD,False,157665.7,5944.62,0.03767
2025-08-20T12:18:04.154428,100.0,0.1401236103090787,-99.85987638969092,-99.85987638969092,CAD->BTC->ETH->CAD,False,157665.7,5947.34,0.03771
2025-08-20T12:18:04.154434,100.0,98.47822923549575,-1.5217707645042537,-1.5217707645042537,CAD->ETH->BTC->CAD,False,157665.7,5947.34,0.03771
2025-08-20T12:18:54.338189,100.0,0.14004216034181666,-99.85995783965818,-99.85995783965818,CAD->BTC->ETH->CAD,False,157757.4,5947.34,0.03771
2025-08-20T12:18:54.338196,100.0,98.53550519101995,-1.4644948089800494,-1.4644948089800494,CAD->ETH->BTC->CAD,False,157757.4,5947.34,0.03771
2025-08-20T12:19:18.954821,100.0,0.14012733516623255,-99.85987266483377,-99.85987266483377,CAD->BTC->ETH->CAD,False,157619.7,5947.34,0.0377
2025-08-20T12:19:18.954845,100.0,98.42339056736145,-1.5766094326385485,-1.5766094326385487,CAD->ETH->BTC->CAD,False,157619.7,5947.34,0.0377
2025-08-20T12:19:34.240470,100.0,0.1401113346027062,-99.85988866539729,-99.85988866539729,CAD->BTC->ETH->CAD,False,157637.7,5947.34,0.0377
2025-08-20T12:19:34.240475,100.0,98.4346304125725,-1.5653695874274973,-1.5653695874274973,CAD->ETH->BTC->CAD,False,157637.7,5947.34,0.0377
2025-08-20T12:20:03.943684,100.0,0.14003700498222732,-99.85996299501777,-99.85996299501777,CAD->BTC->ETH->CAD,False,157637.7,5947.34,0.03768
2025-08-20T12:20:03.943695,100.0,98.38241044948892,-1.6175895505110844,-1.6175895505110844,CAD->ETH->BTC->CAD,False,157637.7,5947.34,0.03768
2025-08-20T12:20:19.180661,100.0,0.13998349302710594,-99.8600165069729,-99.8600165069729,CAD->BTC->ETH->CAD,False,157637.7,5943.49,0.03769
2025-08-20T12:20:19.180682,100.0,98.47226627794211,-1.5277337220578886,-1.5277337220578886,CAD->ETH->BTC->CAD,False,157637.7,5943.49,0.03769
2025-08-20T12:20:48.827743,100.0,0.13994635227544047,-99.86005364772456,-99.86005364772456,CAD->BTC->ETH->CAD,False,157637.7,5943.49,0.03768
2025-08-20T12:20:48.827749,100.0,98.44613938320134,-1.5538606167986586,-1.5538606167986586,CAD->ETH->BTC->CAD,False,157637.7,5943.49,0.03768
2025-08-20T12:21:04.273597,100.0,0.13998349302710594,-99.8600165069729,-99.8600165069729,CAD->BTC->ETH->CAD,False,157637.7,5943.49,0.03769
2025-08-20T12:21:04.273602,100.0,98.47226627794211,-1.5277337220578886,-1.5277337220578886,CAD->ETH->BTC->CAD,False,157637.7,5943.49,0.03769
2025-08-20T12:21:33.923698,100.0,0.13985711926815322,-99.86014288073184,-99.86014288073184,CAD->BTC->ETH->CAD,False,157700.5,5940.49,0.03769
2025-08-20T12:21:33.923724,100.0,98.56124501929798,-1.438754980702015,-1.438754980702015,CAD->ETH->BTC->CAD,False,157700.5,5940.49,0.03769
2025-08-20T12:21:49.320991,100.0,0.140027155986421,-99.85997284401358,-99.85997284401358,CAD->BTC->ETH->CAD,False,157660.4,5946.2,0.03769
2025-08-20T12:21:49.320997,100.0,98.44156087279505,-1.5584391272049487,-1.5584391272049487,CAD->ETH->BTC->CAD,False,157660.4,5946.2,0.03769
2025-08-20T12:22:23.971056,100.0,0.140027155986421,-99.85997284401358,-99.85997284401358,CAD->BTC->ETH->CAD,False,157660.4,5946.2,0.03769
2025-08-20T12:22:23.971061,100.0,98.44156087279505,-1.5584391272049487,-1.5584391272049487,CAD->ETH->BTC->CAD,False,157660.4,5946.2,0.03769
2025-08-20T12:22:39.210068,100.0,0.14010188983801197,-99.85989811016199,-99.85989811016199,CAD->BTC->ETH->CAD,False,157576.3,5946.2,0.03769
2025-08-20T12:22:39.210073,100.0,98.38904968248093,-1.6109503175190696,-1.6109503175190696,CAD->ETH->BTC->CAD,False,157576.3,5946.2,0.03769
2025-08-20T12:23:03.935423,100.0,0.13988752228581067,-99.8601124777142,-99.8601124777142,CAD->BTC->ETH->CAD,False,157516.8,5934.86,0.03769
2025-08-20T12:23:03.935464,100.0,98.53982381443501,-1.4601761855649897,-1.4601761855649897,CAD->ETH->BTC->CAD,False,157516.8,5934.86,0.03769
2025-08-20T12:23:19.179321,100.0,0.13988752228581067,-99.8601124777142,-99.8601124777142,CAD->BTC->ETH->CAD,False,157516.8,5934.86,0.03769
2025-08-20T12:23:19.179343,100.0,98.53982381443501,-1.4601761855649897,-1.4601761855649897,CAD->ETH->BTC->CAD,False,157516.8,5934.86,0.03769
2025-08-20T12:23:48.941085,100.0,0.13981747572682707,-99.86018252427317,-99.86018252427317,CAD->BTC->ETH->CAD,False,157553.9,5934.86,0.03768
2025-08-20T12:23:48.941090,100.0,98.53688196457087,-1.463118035429133,-1.463118035429133,CAD->ETH->BTC->CAD,False,157553.9,5934.86,0.03768
2025-08-20T12:24:04.178301,100.0,0.13981747572682707,-99.86018252427317,-99.86018252427317,CAD->BTC->ETH->CAD,False,157553.9,5934.86,0.03768
2025-08-20T12:24:04.178332,100.0,98.53688196457087,-1.463118035429133,-1.463118035429133,CAD->ETH->BTC->CAD,False,157553.9,5934.86,0.03768
2025-08-20T12:24:33.930447,100.0,0.14004387465481102,-99.85995612534519,-99.85995612534519,CAD->BTC->ETH->CAD,False,157553.9,5944.47,0.03768
2025-08-20T12:24:33.930454,100.0,98.3775844265768,-1.622415573423197,-1.622415573423197,CAD->ETH->BTC->CAD,False,157553.9,5944.47,0.03768
2025-08-20T12:24:49.162414,100.0,0.14004387465481102,-99.85995612534519,-99.85995612534519,CAD->BTC->ETH->CAD,False,157553.9,5944.47,0.03768
2025-08-20T12:24:49.162419,100.0,98.3775844265768,-1.622415573423197,-1.622415573423197,CAD->ETH->BTC->CAD,False,157553.9,5944.47,0.03768
2025-08-20T12:25:18.831447,100.0,0.13998027132903063,-99.86001972867096,-99.86001972867096,CAD->BTC->ETH->CAD,False,157547.0,5941.51,0.03768
2025-08-20T12:25:18.831480,100.0,98.42228459391013,-1.5777154060898653,-1.5777154060898653,CAD->ETH->BTC->CAD,False,157547.0,5941.51,0.03768
2025-08-20T12:25:34.213782,100.0,0.13998027132903063,-99.86001972867096,-99.86001972867096,CAD->BTC->ETH->CAD,False,157547.0,5941.51,0.03768
2025-08-20T12:25:34.213793,100.0,98.42228459391013,-1.5777154060898653,-1.5777154060898653,CAD->ETH->BTC->CAD,False,157547.0,5941.51,0.03768
2025-08-20T12:26:08.973401,100.0,0.14003164538949203,-99.8599683546105,-99.8599683546105,CAD->BTC->ETH->CAD,False,157489.2,5941.51,0.03768
2025-08-20T12:26:08.973415,100.0,98.38617595299964,-1.6138240470003637,-1.6138240470003637,CAD->ETH->BTC->CAD,False,157489.2,5941.51,0.03768
2025-08-20T12:26:24.195114,100.0,0.1400688087773343,-99.85993119122267,-99.85993119122267,CAD->BTC->ETH->CAD,False,157489.2,5941.51,0.03769
2025-08-20T12:26:24.195152,100.0,98.41228693387889,-1.5877130661211112,-1.5877130661211114,CAD->ETH->BTC->CAD,False,157489.2,5941.51,0.03769
2025-08-20T12:26:48.836115,100.0,0.14014313555301872,-99.85985686444698,-99.85985686444698,CAD->BTC->ETH->CAD,False,157489.2,5941.51,0.03771
2025-08-20T12:26:48.836138,100.0,98.46450889563738,-1.5354911043626203,-1.5354911043626203,CAD->ETH->BTC->CAD,False,157489.2,5941.51,0.03771
2025-08-20T12:27:04.516909,100.0,0.14014313555301872,-99.85985686444698,-99.85985686444698,CAD->BTC->ETH->CAD,False,157489.2,5941.51,0.03771
2025-08-20T12:27:04.516933,100.0,98.46450889563738,-1.5354911043626203,-1.5354911043626203,CAD->ETH->BTC->CAD,False,157489.2,5941.51,0.03771
2025-08-20T12:27:34.079284,100.0,0.1401937868133571,-99.85980621318664,-99.85980621318664,CAD->BTC->ETH->CAD,False,157432.3,5941.51,0.03771
2025-08-20T12:27:34.079297,100.0,98.42893419873012,-1.5710658012698815,-1.5710658012698817,CAD->ETH->BTC->CAD,False,157432.3,5941.51,0.03771
2025-08-20T12:27:49.194309,100.0,0.140342494091865,-99.85965750590813,-99.85965750590813,CAD->BTC->ETH->CAD,False,157432.3,5941.51,0.03775
2025-08-20T12:27:49.194314,100.0,98.53334038721991,-1.4666596127800915,-1.4666596127800915,CAD->ETH->BTC->CAD,False,157432.3,5941.51,0.03775
2025-08-20T12:28:18.933737,100.0,0.140342494091865,-99.85965750590813,-99.85965750590813,CAD->BTC->ETH->CAD,False,157432.3,5941.51,0.03775
2025-08-20T12:28:18.933767,100.0,98.53334038721991,-1.4666596127800915,-1.4666596127800915,CAD->ETH->BTC->CAD,False,157432.3,5941.51,0.03775
2025-08-20T12:28:34.189709,100.0,0.140342494091865,-99.85965750590813,-99.85965750590813,CAD->BTC->ETH->CAD,False,157432.3,5941.51,0.03775
2025-08-20T12:28:34.189722,100.0,98.53334038721991,-1.4666596127800915,-1.4666596127800915,CAD->ETH->BTC->CAD,False,157432.3,5941.51,0.03775
2025-08-20T12:29:03.957206,100.0,0.1402367625322692,-99.85976323746773,-99.85976323746773,CAD->BTC->ETH->CAD,False,157432.2,5937.03,0.03775
2025-08-20T12:29:03.957219,100.0,98.60762963608163,-1.3923703639183742,-1.3923703639183742,CAD->ETH->BTC->CAD,False,157432.2,5937.03,0.03775
2025-08-20T12:29:19.164489,100.0,0.1402367625322692,-99.85976323746773,-99.85976323746773,CAD->BTC->ETH->CAD,False,157432.2,5937.03,0.03775
2025-08-20T12:29:19.164505,100.0,98.60762963608163,-1.3923703639183742,-1.3923703639183742,CAD->ETH->BTC->CAD,False,157432.2,5937.03,0.03775
2025-08-20T12:29:54.089812,100.0,0.14027749744386775,-99.85972250255614,-99.85972250255614,CAD->BTC->ETH->CAD,False,157303.1,5937.03,0.03773
2025-08-20T12:29:54.089817,100.0,98.47456826260739,-1.5254317373926085,-1.5254317373926085,CAD->ETH->BTC->CAD,False,157303.1,5937.03,0.03773
2025-08-20T12:30:09.198721,100.0,0.14035185604309589,-99.8596481439569,-99.8596481439569,CAD->BTC->ETH->CAD,False,157303.1,5937.03,0.03775
2025-08-20T12:30:09.198732,100.0,98.52676787472646,-1.4732321252735403,-1.4732321252735403,CAD->ETH->BTC->CAD,False,157303.1,5937.03,0.03775
2025-08-20T12:30:33.831456,100.0,0.14036123669871955,-99.85963876330128,-99.85963876330128,CAD->BTC->ETH->CAD,False,157362.0,5939.65,0.03775
2025-08-20T12:30:33.831467,100.0,98.52018311029374,-1.4798168897062567,-1.4798168897062567,CAD->ETH->BTC->CAD,False,157362.0,5939.65,0.03775
2025-08-20T12:30:49.173373,100.0,0.14028687312960764,-99.85971312687039,-99.85971312687039,CAD->BTC->ETH->CAD,False,157362.0,5939.65,0.03773
2025-08-20T12:30:49.173385,100.0,98.46798698679162,-1.5320130132083847,-1.5320130132083847,CAD->ETH->BTC->CAD,False,157362.0,5939.65,0.03773
2025-08-20T12:31:18.837891,100.0,0.14028687312960764,-99.85971312687039,-99.85971312687039,CAD->BTC->ETH->CAD,False,157362.0,5939.65,0.03773
2025-08-20T12:31:18.837916,100.0,98.46798698679162,-1.5320130132083847,-1.5320130132083847,CAD->ETH->BTC->CAD,False,157362.0,5939.65,0.03773
2025-08-20T12:31:34.194893,100.0,0.1402496913450517,-99.85975030865495,-99.85975030865495,CAD->BTC->ETH->CAD,False,157362.0,5939.65,0.03772
2025-08-20T12:31:34.194901,100.0,98.44188892504053,-1.55811107495947,-1.55811107495947,CAD->ETH->BTC->CAD,False,157362.0,5939.65,0.03772
